event_id,event_date,district,latitude,longitude,landslide,rainfall_24h,rainfall_48h,rainfall_7d,average_humidity_24h,soil_moisture
NEG_0001,2016-06-12 00:00:00,Aizawl,23.56387152816037,92.7208129153357,0,8.0,53.7,118.3,92.12,0.422
NEG_0002,2008-10-29 00:00:00,Aizawl,24.295396041516685,92.89814320478648,0,1.3,9.6,96.7,90.21,0.408
NEG_0003,2014-09-24 00:00:00,Aizawl,23.934033695117968,92.86517296821184,0,9.0,9.0,53.4,90.46,0.416
NEG_0004,2015-09-23 15:00:00,Aizawl,23.778966580178743,92.9090149222461,0,3.4,7.6,77.1,90.17,0.412
NEG_0005,2010-09-13 09:00:00,Aizawl,23.6921541498751,92.9076085455244,0,9.8,17.2,55.3,94.04,0.424
NEG_0006,2015-08-26 00:00:00,Aizawl,23.735613735768663,92.64451635891994,0,10.5,17.2,78.3,92.12,0.417
NEG_0007,2013-09-01 00:00:00,Aizawl,23.98047757948749,92.973546129001,0,0.5,3.3,56.3,84.79,0.392
NEG_0008,2015-08-12 00:00:00,Aizawl,23.906675146994612,92.92155602880102,0,19.2,39.2,89.1,92.12,0.424
NEG_0009,2012-06-13 00:00:00,Aizawl,24.288059808591733,92.87692570090424,0,2.3,3.1,37.5,86.79,0.39
NEG_0010,2010-07-06 00:00:00,Aizawl,23.4065050457272,92.72715200375066,0,12.2,12.8,45.8,92.29,0.415
NEG_0011,2016-08-05 00:00:00,Aizawl,23.73583158921991,92.9819295699364,0,8.4,13.7,33.8,87.96,0.413
NEG_0012,2010-08-13 00:00:00,Aizawl,23.71908114529014,92.88003578721978,0,13.4,20.0,69.6,92.0,0.422
NEG_0013,2011-06-28 00:00:00,Aizawl,24.06770022415593,92.90923360605434,0,22.6,39.9,82.5,96.42,0.421
NEG_0014,2010-10-08 00:00:00,Aizawl,23.929336748201745,92.88194092287972,0,23.8,52.7,91.9,99.58,0.43
NEG_0015,2011-09-06 08:00:00,Aizawl,24.168650497669283,92.97149657096976,0,23.1,27.6,83.2,93.21,0.424
NEG_0016,2015-08-19 00:00:00,Aizawl,24.20034977468548,92.96220366501768,0,3.3,6.7,49.7,86.96,0.406
NEG_0017,2010-06-07 00:00:00,Anjaw,28.168024149801433,96.632888390271,0,41.8,66.2,116.4,93.42,0.426
NEG_0018,2010-09-10 00:00:00,Anjaw,28.157424271246036,97.281647172359,0,1.0,1.6,44.3,85.75,0.396
NEG_0019,2010-09-13 00:00:00,Anjaw,27.83682384149718,96.91366205304566,0,13.9,34.5,79.8,90.54,0.411
NEG_0020,2012-06-13 00:00:00,Barpeta,26.40352218698635,90.922996053456,0,61.9,77.1,137.3,92.33,0.43
NEG_0021,2010-08-15 23:00:00,Bichom,27.19029382582536,92.86458745508028,0,39.7,81.0,143.7,96.42,0.425
NEG_0022,2007-07-27 00:00:00,Cachar,24.897913642265028,92.55179692542715,0,36.2,74.4,258.4,93.42,0.487
NEG_0023,2014-09-22 00:00:00,Cachar,24.787519737577338,92.99352285150827,0,5.3,13.2,44.2,89.88,0.488
NEG_0024,2010-10-08 00:00:00,Cachar,24.63597804237234,93.06708765130792,0,8.3,17.7,29.8,95.96,0.43
NEG_0025,2013-08-04 00:00:00,Cachar,24.723438265453822,92.7844445879258,0,5.1,16.9,82.1,83.92,0.471
NEG_0026,2012-06-25 18:00:00,Cachar,24.960547966350475,93.23920438710424,0,31.9,43.7,125.1,99.17,0.425
NEG_0027,2010-08-19 00:00:00,Champhai,23.135098120595668,93.32273094457986,0,1.1,4.0,80.4,90.79,0.404
NEG_0028,2015-06-16 00:00:00,Chandel,24.34633430615902,94.01540834806936,0,11.8,22.4,81.7,88.67,0.489
NEG_0029,2010-04-20 00:00:00,Chandel,23.990980456120443,94.15443013990873,0,9.1,13.7,25.8,84.08,0.401
NEG_0030,2013-05-11 00:00:00,Chandel,23.917660990833987,94.13314482092387,0,25.3,32.0,140.1,93.79,0.439
NEG_0031,2010-07-21 08:00:00,Chandel,24.233060213456955,94.00932267294522,0,16.1,29.7,80.3,96.67,0.461
NEG_0032,2013-08-16 00:00:00,Chandel,24.30310116627508,94.09364890786838,0,12.2,33.5,109.5,96.75,0.434
NEG_0033,2013-06-01 00:00:00,Chandel,24.174407016038685,93.9627523904574,0,1.1,17.1,53.0,83.08,0.475
NEG_0034,2007-07-30 00:00:00,Chandel,23.87174603199583,94.10299341745528,0,8.1,20.6,82.9,89.17,0.492
NEG_0035,2010-08-17 00:00:00,Chandel,23.99002500654674,93.77181914558533,0,23.9,42.7,107.1,99.04,0.419
NEG_0036,2012-11-11 00:00:00,Chandel,24.188679817955705,93.9873516377487,0,0.0,0.7,22.5,84.75,0.454
NEG_0037,2010-11-22 00:00:00,Chandel,23.993320040773128,94.03455800285089,0,1.8,2.7,4.0,89.71,0.345
NEG_0038,2010-04-17 15:00:00,Chandel,23.95860908872156,94.15480561540306,0,3.5,5.5,5.7,70.29,0.358
NEG_0039,2016-06-12 23:00:00,Changlang,27.554300585586216,96.24727533866576,0,0.9,2.3,25.2,76.92,0.472
NEG_0040,2007-09-08 00:00:00,Chumoukedima,25.73854121875132,93.58907354508575,0,21.4,74.7,136.1,94.21,0.47
NEG_0041,2007-09-11 00:00:00,Chumoukedima,25.77037212334036,93.6359557483935,0,6.5,24.3,171.8,84.75,0.486
NEG_0042,2012-09-19 00:00:00,Chumoukedima,25.708986051406455,93.7518334026932,0,2.2,15.7,91.0,84.62,0.473
NEG_0043,2015-08-22 09:00:00,Dibang Valley,28.760486101460767,95.56662294024936,0,32.5,113.1,627.9,92.79,0.427
NEG_0044,2015-09-06 15:00:00,Dibang Valley,28.75407748624682,95.53569517004132,0,14.5,21.3,194.8,94.29,0.427
NEG_0045,2011-07-11 09:00:00,Dibang Valley,28.615892565810945,96.31651098724696,0,6.4,28.7,123.7,92.62,0.414
NEG_0046,2013-07-15 00:00:00,Dibang Valley,28.856152125323327,96.14807407234514,0,19.3,29.8,102.2,95.54,0.427
NEG_0047,2015-09-01 00:00:00,Dibang Valley,28.92228451840578,96.03507357401928,0,19.6,48.1,133.3,93.08,0.428
NEG_0048,2013-09-02 00:00:00,Dima Hasao,25.471373470398007,92.57512165491632,0,12.4,16.3,91.6,86.75,0.508
NEG_0049,2008-06-15 00:00:00,Dima Hasao,25.42595693853939,93.3968749363575,0,4.1,6.7,73.0,87.25,0.499
NEG_0050,2007-07-19 00:00:00,Dima Hasao,25.48066630560379,92.69774267164382,0,3.3,4.1,51.7,85.58,0.489
NEG_0051,2010-08-06 00:00:00,Dima Hasao,25.31686424242061,93.34200897116156,0,4.0,13.9,45.0,85.79,0.493
NEG_0052,2010-06-15 00:00:00,Dima Hasao,25.480224722949483,92.75529862208836,0,3.8,16.8,80.7,86.96,0.507
NEG_0053,2013-05-11 09:00:00,Dima Hasao,25.2419327084764,93.05933731819876,0,75.4,173.5,439.8,98.38,0.49
NEG_0054,2010-03-27 20:00:00,Dima Hasao,25.584314333924116,92.71531169496656,0,0.8,1.3,1.9,68.04,0.306
NEG_0055,2015-08-01 00:00:00,Dima Hasao,25.36266242521681,93.13584351131615,0,63.5,81.6,113.5,99.54,0.508
NEG_0056,2015-08-02 00:00:00,Dima Hasao,25.056227491174266,93.0572088594076,0,7.5,77.2,112.2,93.29,0.447
NEG_0057,2015-07-22 00:00:00,Dima Hasao,25.198044501157,92.72378931369168,0,49.7,83.2,371.1,90.71,0.481
NEG_0058,2015-09-14 03:10:00,Dima Hasao,25.105829691989943,92.87282269879178,0,9.0,13.3,45.2,88.58,0.46
NEG_0059,2016-05-18 08:00:00,Dima Hasao,25.49490919585902,93.19115856767536,0,3.0,5.5,86.6,78.54,0.484
NEG_0060,2010-06-16 00:00:00,Dima Hasao,25.542980565579203,93.02475418936709,0,8.5,12.2,45.1,89.04,0.497
NEG_0061,2015-07-24 00:00:00,East Jaintia Hills,25.322727732184266,92.36035908127305,0,48.3,87.6,296.8,97.21,0.47
NEG_0062,2011-07-16 00:00:00,East Jaintia Hills,25.121515327598132,92.34922763571464,0,8.2,16.6,61.0,90.88,0.501
NEG_0063,2013-08-04 00:00:00,East Jaintia Hills,25.309782765559756,92.2998576173162,0,9.7,20.6,71.6,90.21,0.455
NEG_0064,2014-06-26 23:00:00,East Jaintia Hills,25.139523896690136,92.49050052770454,0,5.9,41.8,497.7,89.83,0.415
NEG_0065,2015-08-19 00:00:00,East Jaintia Hills,25.21619299187468,92.22955440361577,0,67.7,120.4,250.9,99.79,0.52
NEG_0066,2012-06-25 00:00:00,East Jaintia Hills,25.224308004049195,92.27331814011411,0,99.2,151.0,193.2,98.08,0.502
NEG_0067,2016-07-19 00:00:00,East Kameng,27.24336271204924,92.96778490932093,0,43.7,69.2,222.9,99.33,0.43
NEG_0068,2015-08-01 00:00:00,East Kameng,27.842455469418333,92.95365859245676,0,16.3,22.1,38.6,88.83,0.43
NEG_0069,2007-05-23 00:00:00,East Kameng,27.507295852250824,92.96005449265336,0,36.3,45.3,66.3,95.83,0.429
NEG_0070,2015-08-26 00:00:00,East Khasi Hills,25.611595006744253,91.99419590013676,0,9.0,16.1,212.2,92.88,0.482
NEG_0071,2016-06-12 00:00:00,East Khasi Hills,25.264530643423267,91.52279411743834,0,20.4,28.6,136.9,93.83,0.459
NEG_0072,2015-08-19 00:00:00,East Khasi Hills,25.44089501536235,91.6383043523845,0,85.5,144.3,275.0,97.96,0.496
NEG_0073,2010-08-17 00:00:00,East Khasi Hills,25.3567265150561,91.9831471304047,0,32.0,58.2,135.5,97.54,0.419
NEG_0074,2014-09-22 00:00:00,East Khasi Hills,25.583265815514885,92.04884666531528,0,36.4,65.2,120.3,94.54,0.474
NEG_0075,2015-06-19 00:00:00,East Khasi Hills,25.14459025642732,91.66152115882812,0,3.1,15.3,267.7,83.33,0.435
NEG_0076,2014-06-26 23:00:00,East Siang,27.97064255375316,95.29871744024324,0,0.5,15.7,96.5,81.58,0.481
NEG_0077,2010-04-21 00:00:00,East Siang,27.957148383100776,95.2676377871106,0,13.1,55.4,135.4,84.54,0.485
NEG_0078,2010-10-08 00:00:00,East Siang,28.018584362583223,95.38977848355344,0,0.7,18.1,20.4,79.17,0.474
NEG_0079,2009-08-12 00:00:00,Gangtok,27.188102369876873,88.53232513845538,0,28.6,35.2,196.6,92.83,0.406
NEG_0080,2014-09-22 00:00:00,Gangtok,27.354012918693027,88.69875841755564,0,117.8,150.9,207.1,97.21,0.436
NEG_0081,2010-10-09 00:00:00,Gangtok,27.283226683405235,88.53564849637009,0,13.3,15.3,22.9,89.58,0.433
NEG_0082,2016-07-20 00:00:00,Gangtok,27.33036593243181,88.88140902690192,0,20.7,33.1,171.2,99.08,0.429
NEG_0083,2013-07-01 00:00:00,Gangtok,27.354092555929668,88.84665047366147,0,13.6,23.4,119.0,94.83,0.424
NEG_0084,2007-07-16 00:00:00,Gangtok,27.341109371109816,88.68379093462644,0,19.3,40.0,290.7,92.38,0.428
NEG_0085,2012-09-16 00:00:00,Gangtok,27.280559993331064,88.50232711546384,0,46.4,106.7,256.1,94.08,0.436
NEG_0086,2011-07-22 00:00:00,Gangtok,27.399039695260083,88.76510081591535,0,20.2,36.4,200.2,89.58,0.426
NEG_0087,2015-08-01 00:00:00,Gangtok,27.370301683738436,88.54192966460828,0,16.2,23.2,63.4,92.54,0.426
NEG_0088,2014-09-08 00:00:00,Gangtok,27.3039058204521,88.48202668449484,0,8.4,39.9,72.1,89.0,0.422
NEG_0089,2013-05-11 00:00:00,Gangtok,27.188551784871457,88.51191360811467,0,1.6,7.5,18.9,86.04,0.41
NEG_0090,2010-09-16 00:00:00,Gangtok,27.35374667391867,88.71653953147418,0,17.1,42.4,146.9,92.38,0.432
NEG_0091,2012-04-08 00:00:00,Gangtok,27.366443254126963,88.80028501754568,0,8.9,18.8,41.5,90.12,0.413
NEG_0092,2016-07-14 00:00:00,Gangtok,27.348236833358225,88.82567491325162,0,17.0,55.6,194.5,98.0,0.421
NEG_0093,2016-07-14 00:00:00,Gyalshing,27.4074047025164,88.30856766497962,0,13.2,49.2,113.7,95.62,0.428
NEG_0094,2016-07-28 00:00:00,Gyalshing,27.42544952040027,88.26623258106544,0,27.6,86.0,455.9,94.29,0.417
NEG_0095,2013-05-11 00:00:00,Hailakandi,24.254731700159393,92.580004961311,0,19.0,50.6,219.7,96.21,0.412
NEG_0096,2010-07-06 00:00:00,Hailakandi,24.695346654955483,92.58150958549308,0,13.1,17.4,167.0,86.0,0.481
NEG_0097,2015-08-27 00:00:00,Hailakandi,24.714566716892843,92.51896690186648,0,12.5,14.1,116.4,87.92,0.52
NEG_0098,2011-07-25 00:00:00,Hailakandi,24.340682345707364,92.64547150286984,0,1.8,8.9,222.5,85.88,0.401
NEG_0099,2008-08-14 00:00:00,Imphal East,24.747441889047472,94.071152579918,0,2.0,11.9,43.8,91.38,0.498
NEG_0100,2013-07-12 00:00:00,Imphal East,24.86846076720832,93.97410461124716,0,22.3,26.6,44.9,88.08,0.488
NEG_0101,2010-04-02 23:00:00,Imphal East,24.785617294692138,93.9975533029215,0,6.6,43.9,82.0,87.0,0.468
NEG_0102,2016-07-01 00:00:00,Imphal West,24.59663000741551,93.85176018251728,0,49.8,67.7,93.1,95.08,0.403
NEG_0103,2012-06-03 00:00:00,Imphal West,24.95503180817277,93.87567168053876,0,11.2,48.5,111.7,87.58,0.465
NEG_0104,2015-09-01 00:00:00,Imphal West,24.78608295782337,93.82386639010144,0,5.5,13.7,37.1,91.67,0.499
NEG_0105,2016-06-22 12:00:00,Jiribam,24.75878611802888,93.12748067976376,0,8.6,14.6,191.5,84.75,0.416
NEG_0106,2013-07-01 00:00:00,Kamjong,25.003488872596527,94.57633135452848,0,18.6,29.7,91.2,96.0,0.427
NEG_0107,2007-07-16 00:00:00,Kamjong,24.641126549377116,94.24522760724716,0,18.8,28.0,48.6,97.62,0.446
NEG_0108,2012-09-16 00:00:00,Kamjong,24.682820401434338,94.26349714108606,0,19.7,70.4,124.5,99.33,0.424
NEG_0109,2010-03-27 20:00:00,Kamrup,26.241441655136494,91.680339263934,0,2.2,3.2,3.2,70.67,0.279
NEG_0110,2010-10-09 00:00:00,Kamrup,25.9048463815347,91.43616450927912,0,153.7,184.8,228.9,94.92,0.487
NEG_0111,2007-08-26 00:00:00,Kamrup,26.43206472449733,91.62112902401525,0,1.7,5.1,48.4,86.58,0.479
NEG_0112,2010-07-19 06:00:00,Kamrup,26.387079337805513,91.65044415842614,0,8.6,10.5,141.3,89.25,0.505
NEG_0113,2011-08-13 08:00:00,Kamrup Metro,26.08689512801726,92.04238526363048,0,14.5,21.4,152.4,83.0,0.52
NEG_0114,2011-07-06 00:00:00,Kamrup Metro,26.12358816676286,91.8192860597564,0,45.8,106.6,237.5,91.17,0.446
NEG_0115,2008-06-09 00:00:00,Kamrup Metro,26.16088150079669,92.15200518404406,0,22.8,42.5,142.4,89.25,0.441
NEG_0116,2011-05-24 00:00:00,Kamrup Metro,26.109549859718985,91.99603553467124,0,0.4,12.9,105.2,89.83,0.473
NEG_0117,2013-08-04 00:00:00,Kamrup Metro,26.135894919018032,92.05811512458614,0,6.5,25.4,109.0,84.58,0.474
NEG_0118,2012-06-14 04:00:00,Kamrup Metro,26.209640112159445,91.84686146737852,0,3.8,11.5,64.1,89.62,0.488
NEG_0119,2016-07-14 00:00:00,Kamrup Metro,26.060371003934858,92.10329899118084,0,33.2,88.8,195.6,88.96,0.46
NEG_0120,2014-06-27 00:00:00,Kamrup Metro,26.169243186653393,91.9114548066772,0,30.3,34.7,223.1,87.83,0.481
NEG_0121,2007-07-27 00:00:00,Kamrup Metro,26.0851333105531,92.051736228047,0,60.9,118.8,308.2,96.21,0.505
NEG_0122,2010-10-08 00:00:00,Kamrup Metro,26.06868900249768,91.99226678948824,0,34.4,43.9,56.7,94.54,0.471
NEG_0123,2010-04-20 00:00:00,Kamrup Metro,26.046814829510826,91.87870621419312,0,13.9,31.8,47.0,95.25,0.502
NEG_0124,2010-04-20 00:00:00,Kamrup Metro,26.12317155205159,92.00389067188668,0,13.9,31.8,47.0,95.25,0.508
NEG_0125,2015-08-01 00:00:00,Kamrup Metro,26.16352773884582,91.98576018477594,0,29.0,29.0,45.3,84.75,0.494
NEG_0126,2014-09-23 00:00:00,Kamrup Metro,26.139819790955055,91.78788138076416,0,55.8,83.5,178.3,96.79,0.503
NEG_0127,2011-07-19 00:00:00,Kamrup Metro,26.189180295043307,91.82263649985448,0,24.8,48.5,166.7,92.0,0.492
NEG_0128,2010-10-08 00:00:00,Kamrup Metro,26.078770739481698,92.0046349995406,0,34.4,43.9,56.7,94.58,0.471
NEG_0129,2014-10-01 11:00:00,Kamrup Metro,26.150931246635928,92.02858529313,0,0.5,5.5,29.1,83.08,0.475
NEG_0130,2014-09-23 03:00:00,Kamrup Metro,26.07381678527916,92.07314676923954,0,33.9,70.8,200.2,97.08,0.463
NEG_0131,2016-06-12 23:00:00,Kamrup Metro,26.068186617606557,91.88947906759876,0,6.3,24.8,81.3,83.17,0.504
NEG_0132,2015-07-22 00:00:00,Kamrup Metro,26.176738929924667,91.90130782794138,0,72.2,86.5,142.5,96.17,0.452
NEG_0133,2016-06-12 00:00:00,Kamrup Metro,26.19093844499602,91.9533086106538,0,7.1,16.4,77.5,85.0,0.505
NEG_0134,2015-06-19 00:00:00,Kamrup Metro,26.145101793143247,92.09781563360085,0,13.2,19.0,111.2,88.79,0.479
NEG_0135,2011-08-16 08:00:00,Kamrup Metro,26.123984511239847,91.60102403979916,0,11.1,27.8,198.4,89.67,0.491
NEG_0136,2013-08-04 00:00:00,Kamrup Metro,26.2006684541521,91.9338941563418,0,6.5,25.4,109.0,84.33,0.488
NEG_0137,2010-07-29 00:00:00,Kamrup Metro,26.095408615085603,92.03811385859126,0,8.1,20.8,113.9,81.0,0.504
NEG_0138,2015-09-06 15:00:00,Kamrup Metro,26.14370771275923,91.824683055449,0,7.2,36.4,224.4,89.83,0.488
NEG_0139,2013-02-18 00:00:00,Kamrup Metro,26.187681256080445,91.93593285900646,0,11.1,13.6,13.6,92.04,0.415
NEG_0140,2011-07-07 00:00:00,Kamrup Metro,26.06570573085838,91.94570661181378,0,18.9,45.4,211.1,86.42,0.476
NEG_0141,2016-07-14 00:00:00,Kamrup Metro,26.15016699660134,91.83801933453744,0,10.3,24.4,135.9,88.42,0.46
NEG_0142,2014-09-22 00:00:00,Kamrup Metro,26.071727090874663,91.58090100237423,0,15.3,71.7,97.8,93.04,0.473
NEG_0143,2010-07-06 00:00:00,Kamrup Metro,26.11430799445137,91.99337670135074,0,13.1,34.3,181.4,88.75,0.513
NEG_0144,2013-08-16 00:00:00,Kamrup Metro,26.167446576481968,91.94542539807858,0,14.7,30.4,118.0,88.42,0.491
NEG_0145,2014-09-21 00:00:00,Kamrup Metro,26.13753400570108,91.82241200388596,0,58.6,79.9,108.1,93.04,0.484
NEG_0146,2013-08-16 00:00:00,Kamrup Metro,26.065958910977045,91.65249274497542,0,9.5,16.9,120.6,87.04,0.472
NEG_0147,2013-10-13 19:30:00,Kangpokpi,24.73582379138734,93.69866112660544,0,0.0,0.0,36.2,81.29,0.381
NEG_0148,2013-08-04 00:00:00,Kangpokpi,25.19998581836119,93.97852168509658,0,6.9,18.2,43.2,88.38,0.422
NEG_0149,2013-09-07 15:00:00,Kangpokpi,24.94951986815494,93.89520469173888,0,0.8,6.7,21.8,84.75,0.459
NEG_0150,2011-07-07 00:00:00,Kangpokpi,24.967216705998062,93.9279769850176,0,1.3,4.7,53.4,84.08,0.468
NEG_0151,2015-07-31 23:00:00,Khawzawl,23.73351803736364,93.24276687121852,0,61.3,75.7,306.0,99.96,0.427
NEG_0152,2010-08-14 00:00:00,Khowai,24.05191329402229,91.54954969438224,0,11.7,25.8,71.5,87.5,0.417
NEG_0153,2016-07-11 23:00:00,Kiphire,25.922178858413027,94.84653505041162,0,3.0,5.1,44.3,87.58,0.48
NEG_0154,2015-08-16 00:00:00,Kiphire,25.87294109544401,94.79575554659952,0,10.0,17.0,57.1,93.04,0.508
NEG_0155,2010-06-15 00:00:00,Kiphire,25.843732806676943,94.65697160099694,0,22.8,36.1,61.5,90.04,0.449
NEG_0156,2007-08-26 00:00:00,Kohima,25.683868695783215,94.07665399987884,0,12.2,23.0,60.8,91.04,0.482
NEG_0157,2009-09-17 00:00:00,Kohima,25.865024929738585,94.15429256099112,0,3.4,17.4,44.5,89.17,0.476
NEG_0158,2016-07-20 00:00:00,Kohima,25.719010514510153,94.05401094676417,0,5.0,6.4,34.3,80.21,0.489
NEG_0159,2011-06-21 00:00:00,Kohima,25.70261766309623,94.10772376627948,0,10.2,27.5,157.3,87.33,0.497
NEG_0160,2016-06-12 23:00:00,Kohima,25.705501858903467,94.2315861767838,0,7.8,22.1,115.1,90.75,0.496
NEG_0161,2016-10-15 00:00:00,Kohima,25.665080092365063,93.96708498673914,0,6.7,9.8,100.6,93.08,0.494
NEG_0162,2016-07-16 00:00:00,Kohima,25.568060207285356,94.16520047700118,0,12.8,20.4,100.9,92.42,0.515
NEG_0163,2016-07-10 00:00:00,Kohima,25.615649462373653,94.1305257846819,0,2.5,3.4,91.3,85.58,0.447
NEG_0164,2012-06-20 00:00:00,Kohima,25.609757193163535,94.05259320672806,0,13.0,23.3,128.6,91.0,0.5
NEG_0165,2016-05-18 08:00:00,Kohima,25.566461099364933,94.07333214352226,0,8.1,10.1,89.2,85.38,0.493
NEG_0166,2012-06-02 00:00:00,Kohima,25.80816244926024,94.0876583574283,0,50.0,64.0,98.2,94.38,0.497
NEG_0167,2013-08-04 00:00:00,Kohima,25.68675004299947,94.16797884861946,0,3.1,11.7,38.7,89.92,0.479
NEG_0168,2012-06-25 18:00:00,Kohima,25.895842217408592,94.05529016055948,0,13.3,28.2,78.8,89.54,0.445
NEG_0169,2007-09-11 00:00:00,Kohima,25.856864808976184,94.1759859678794,0,8.4,44.4,198.2,87.79,0.494
NEG_0170,2015-09-14 03:10:00,Kohima,25.741774466578356,94.02820380183266,0,7.4,14.9,91.8,87.29,0.474
NEG_0171,2016-07-25 12:30:00,Kohima,25.895279981178255,94.0406517372612,0,45.7,51.0,61.4,94.04,0.486
NEG_0172,2012-03-04 00:00:00,Kohima,25.864332042758186,94.04288666056614,0,1.5,2.4,5.0,75.29,0.33
NEG_0173,2008-08-19 00:00:00,Kohima,25.846363500016206,94.16790756249992,0,19.7,36.6,142.1,90.67,0.472
NEG_0174,2012-06-03 00:00:00,Kohima,25.58044842937121,94.14726496525924,0,16.5,44.5,133.1,93.0,0.491
NEG_0175,2010-10-09 00:00:00,Kohima,25.62603325483321,94.19750744735704,0,27.0,51.8,83.1,93.67,0.448
NEG_0176,2009-09-17 00:00:00,Kohima,25.78125202652342,94.16304910508968,0,3.4,17.4,44.5,89.62,0.471
NEG_0177,2011-07-15 18:00:00,Kolasib,24.060097371798214,92.66873531354244,0,3.2,6.8,23.8,87.17,0.393
NEG_0178,2015-06-24 00:00:00,Kolasib,24.13936616499024,92.80569926645548,0,23.3,37.8,98.0,97.04,0.414
NEG_0179,2014-10-01 11:00:00,Kolasib,24.32156904060234,92.81077937533745,0,0.3,0.8,18.7,87.62,0.378
NEG_0180,2013-08-17 23:00:00,Kurung Kumey,28.13125357665081,93.0882396443273,0,3.7,5.3,43.3,85.88,0.404
NEG_0181,2014-07-14 18:00:00,Kurung Kumey,27.88481912994768,92.94496717115764,0,41.9,57.5,239.2,95.58,0.427
NEG_0182,2011-06-28 00:00:00,Lakhimpur,27.11017853153665,93.92517713322452,0,36.5,72.5,109.0,92.88,0.422
NEG_0183,2015-08-01 00:00:00,Lakhimpur,26.876875035063573,93.85607015308098,0,9.9,10.1,14.4,75.08,0.472
NEG_0184,2015-07-25 09:00:00,Lakhimpur,26.999517910559756,94.12720066819192,0,11.9,39.1,105.1,89.38,0.513
NEG_0185,2015-08-19 09:00:00,Lakhimpur,27.02308689959016,94.13102165095252,0,35.8,41.8,80.2,90.21,0.515
NEG_0186,2014-09-23 00:00:00,Lawngtlai,22.343721363117595,92.60458394391124,0,1.1,2.4,22.2,82.54,0.378
NEG_0187,2013-05-11 00:00:00,Lohit,27.80577012784163,96.70742945746152,0,9.3,13.6,56.8,91.46,0.434
NEG_0188,2011-07-29 00:00:00,Lohit,27.93666836918718,96.42650469390352,0,8.2,23.3,90.2,88.33,0.492
NEG_0189,2013-08-04 00:00:00,Longleng,26.535355102035854,94.71654774547522,0,12.8,32.8,134.0,88.29,0.472
NEG_0190,2014-09-22 00:00:00,Lower Subansiri,27.558907938880647,93.8359115290164,0,49.2,82.3,131.2,99.96,0.429
NEG_0191,2014-08-14 23:00:00,Lunglei,23.22743715344856,92.48601972311604,0,10.2,16.3,39.7,93.12,0.423
NEG_0192,2015-07-22 00:00:00,Mamit,23.87730999569801,92.52277455830588,0,16.4,54.6,147.0,92.62,0.424
NEG_0193,2010-04-17 15:00:00,Mangan,27.469919168196743,88.64029992121108,0,4.2,8.9,111.5,80.88,0.408
NEG_0194,2010-07-06 00:00:00,Mangan,27.859277141207855,88.81280057160109,0,3.7,5.1,25.6,96.0,0.411
NEG_0195,2014-09-22 00:00:00,Meluri,25.49968423041939,94.59686583223862,0,4.6,18.4,107.7,88.58,0.416
NEG_0196,2011-08-05 00:00:00,Meluri,25.60840769345552,94.57875150292136,0,5.9,10.5,44.2,87.75,0.492
NEG_0197,2013-09-01 18:00:00,Mokokchung,26.494381781198214,94.35912945374795,0,1.3,6.3,70.3,86.42,0.484
NEG_0198,2014-09-22 00:00:00,Mokokchung,26.460659459793483,94.67635843976728,0,45.2,55.9,130.0,92.54,0.496
NEG_0199,2012-06-20 00:00:00,Mokokchung,26.3767603399679,94.64056902031606,0,32.9,60.4,170.1,90.96,0.49
NEG_0200,2013-08-04 00:00:00,Mokokchung,26.22219625769654,94.5131204298741,0,3.8,20.7,68.2,89.42,0.493
NEG_0201,2015-06-19 00:00:00,Mokokchung,26.602587893351245,94.6925974707619,0,25.9,43.6,202.0,88.38,0.518
NEG_0202,2013-09-01 18:00:00,Mon,26.88906316768945,95.22623358858304,0,5.7,9.6,72.1,88.17,0.51
NEG_0203,2013-08-04 00:00:00,Mon,26.84746475882016,94.94972509410483,0,10.6,28.5,118.4,83.75,0.486
NEG_0204,2016-06-14 08:00:00,Mon,26.902405340735253,95.04947514000278,0,15.0,46.6,117.4,88.29,0.501
NEG_0205,2011-07-29 00:00:00,Mon,26.96746381158297,95.15999615309912,0,14.9,22.1,110.4,88.08,0.491
NEG_0206,2011-06-29 00:00:00,Mon,26.373091561874485,95.07934797496075,0,43.6,66.8,95.6,91.42,0.45
NEG_0207,2015-08-02 00:00:00,Mon,26.358443686562136,95.00701378247096,0,8.4,46.6,78.7,90.96,0.419
NEG_0208,2014-09-22 00:00:00,Mon,26.62612707019448,94.84214781769994,0,64.9,81.8,142.3,92.62,0.495
NEG_0209,2016-10-12 00:00:00,Mon,26.94953383193537,95.1150773617376,0,11.3,19.2,50.8,91.46,0.472
NEG_0210,2015-08-19 00:00:00,Mon,26.65290465165599,94.82522413638031,0,47.5,51.2,77.2,90.12,0.46
NEG_0211,2015-07-22 00:00:00,Nagaon,26.20856261099158,92.4419923777662,0,41.4,55.6,98.4,94.21,0.483
NEG_0212,2010-06-16 00:00:00,Namchi,27.171500457259803,88.4790227809207,0,6.0,9.2,119.9,86.83,0.408
NEG_0213,2010-07-06 00:00:00,Namchi,27.176328637651643,88.3306875459138,0,22.0,33.5,183.8,97.42,0.426
NEG_0214,2007-07-27 00:00:00,Namchi,27.145593568061535,88.36174580312694,0,47.0,88.4,409.1,98.79,0.432
NEG_0215,2010-06-03 00:00:00,Namchi,27.13770049148456,88.31470603442803,0,21.1,33.6,74.4,90.21,0.42
NEG_0216,2016-04-19 00:00:00,Namchi,27.12868145550283,88.48197395907106,0,5.1,7.5,9.1,87.04,0.372
NEG_0217,2016-07-07 00:00:00,Namchi,27.24024160898626,88.31140973535814,0,26.6,70.4,260.4,96.96,0.419
NEG_0218,2016-07-01 00:00:00,Noklak,25.934552826388924,94.95272938866472,0,13.4,26.6,214.5,93.21,0.444
NEG_0219,2013-05-11 00:00:00,Noney,24.757034331065014,93.46855169802272,0,89.5,142.5,479.4,98.79,0.429
NEG_0220,2012-06-14 04:00:00,Noney,24.62202659659333,93.42428754904434,0,5.6,10.1,36.2,90.25,0.416
NEG_0221,2015-08-28 01:45:00,Noney,24.67194651490026,93.23131392545878,0,24.5,44.8,148.5,93.08,0.417
NEG_0222,2013-08-04 00:00:00,Noney,24.678145527158872,93.6624777148492,0,0.0,9.4,33.4,85.67,0.412
NEG_0223,2011-07-07 00:00:00,Noney,24.650728946335523,93.57454163127905,0,18.5,24.2,84.6,89.58,0.426
NEG_0224,2015-08-01 00:00:00,Noney,24.74524628098301,93.50227398466278,0,74.1,116.9,185.0,99.58,0.429
NEG_0225,2015-06-24 00:00:00,Noney,24.707697847688692,93.42738233124462,0,31.6,49.2,127.6,99.83,0.424
NEG_0226,2015-08-11 00:00:00,Noney,24.80346898450072,93.5417243096578,0,11.6,20.3,94.9,95.88,0.418
NEG_0227,2010-04-17 00:00:00,North Garo Hills,25.843192832310095,90.56811777713467,0,18.4,30.0,117.2,85.88,0.51
NEG_0228,2016-05-18 08:00:00,Pakyong,27.18542503256585,88.66874542300174,0,24.4,47.8,118.9,89.0,0.415
NEG_0229,2016-06-14 08:00:00,Pakyong,27.281546731623425,88.71151731603443,0,11.6,20.6,79.9,93.0,0.423
NEG_0230,2015-08-18 00:00:00,Papum Pare,27.02161416153475,93.53910977372588,0,7.9,14.9,30.4,90.33,0.415
NEG_0231,2013-09-02 00:00:00,Papum Pare,27.137120885708548,93.26192142143049,0,19.8,34.4,134.7,96.17,0.427
NEG_0232,2010-07-21 08:00:00,Papum Pare,27.339557478429445,93.56102998412868,0,74.5,122.6,262.6,97.71,0.425
NEG_0233,2010-08-27 16:30:00,Papum Pare,27.27284032801899,93.3648299710322,0,12.2,21.0,176.9,95.42,0.427
NEG_0234,2012-06-20 00:00:00,Papum Pare,27.3244701864772,93.55950336378372,0,8.4,34.1,235.1,93.12,0.436
NEG_0235,2011-08-13 08:00:00,Papum Pare,27.336896983588584,93.97049516069173,0,16.4,21.1,77.0,85.25,0.439
NEG_0236,2010-04-21 00:00:00,Papum Pare,27.364396338986182,94.02611341944127,0,13.3,78.0,150.6,90.08,0.415
NEG_0237,2013-08-17 23:00:00,Papum Pare,27.42003691208151,93.86610172187464,0,15.9,22.9,80.8,93.17,0.428
NEG_0238,2010-07-06 00:00:00,Papum Pare,27.42646116015962,93.39042247189565,0,31.6,51.9,211.4,98.0,0.424
NEG_0239,2015-08-27 00:00:00,Phek,25.5404320551916,94.2410357930931,0,4.7,18.0,105.1,91.12,0.442
NEG_0240,2014-09-08 00:00:00,Pherzawl,24.120320504229376,93.18061399151958,0,34.2,50.8,145.4,96.21,0.418
NEG_0241,2016-08-05 00:00:00,Ri Bhoi,25.813946261391855,91.83683387690505,0,4.4,9.8,55.3,85.42,0.453
NEG_0242,2007-09-18 00:00:00,Ri Bhoi,26.0102197906086,92.01514233416148,0,0.1,18.3,82.2,83.67,0.479
NEG_0243,2015-08-01 00:00:00,Ri Bhoi,25.8373905436709,91.75531803955688,0,60.7,62.9,82.1,92.46,0.508
NEG_0244,2013-08-01 00:00:00,Ri Bhoi,25.685231570719637,92.0462552087962,0,15.4,25.4,82.1,86.46,0.463
NEG_0245,2012-06-14 04:00:00,Saitual,23.962346735382287,93.01401434775022,0,1.7,4.3,40.6,81.83,0.375
NEG_0246,2011-06-29 00:00:00,Senapati,25.46605896739607,94.11540849703736,0,26.5,58.7,132.7,94.25,0.443
NEG_0247,2013-06-01 00:00:00,Senapati,25.295420030430797,94.31775015797096,0,2.8,14.4,45.5,81.71,0.482
NEG_0248,2016-07-11 23:00:00,Senapati,25.502118673021464,93.76624751966985,0,31.0,51.4,127.1,93.38,0.487
NEG_0249,2010-08-17 00:00:00,Senapati,25.41710427429541,93.92838207642812,0,14.9,24.9,100.8,98.29,0.423
NEG_0250,2013-08-04 00:00:00,Senapati,25.424798424539777,94.3891634100532,0,4.4,19.0,57.9,91.42,0.497
NEG_0251,2009-08-26 00:00:00,Senapati,25.453872441130567,94.05547049843874,0,6.9,19.1,118.3,85.12,0.481
NEG_0252,2013-10-06 00:00:00,Senapati,25.52662793244414,93.99739543194724,0,50.2,65.6,102.4,99.21,0.443
NEG_0253,2012-06-13 00:00:00,Senapati,25.476206724952824,94.09606160048682,0,3.3,7.1,87.5,86.71,0.479
NEG_0254,2015-07-31 09:00:00,Senapati,25.546103501677525,93.82486595124615,0,13.6,23.0,106.3,86.54,0.494
NEG_0255,2014-05-08 00:00:00,Senapati,25.345596246556433,94.07825706655372,0,7.3,11.4,50.5,88.58,0.486
NEG_0256,2007-09-08 00:00:00,Senapati,25.304836176659105,94.04915940014617,0,23.2,51.4,156.9,98.79,0.491
NEG_0257,2011-07-25 00:00:00,Senapati,25.51660772459531,93.92215666785688,0,18.7,25.9,170.6,94.08,0.435
NEG_0258,2015-07-15 08:00:00,Senapati,25.216082876995895,94.13279756630796,0,7.9,12.4,86.3,90.88,0.457
NEG_0259,2010-09-16 03:00:00,Senapati,25.5153036451658,93.90198408147496,0,19.5,63.1,134.9,95.92,0.427
NEG_0260,2016-10-12 00:00:00,Senapati,25.508076833274565,94.19981194326864,0,29.4,33.1,73.4,95.5,0.419
NEG_0261,2012-07-05 00:00:00,Senapati,25.37429208035684,94.21843991469564,0,12.6,24.7,55.3,97.42,0.47
NEG_0262,2010-07-19 06:00:00,Senapati,25.367492894916527,94.31462694205408,0,10.8,29.1,87.8,97.25,0.472
NEG_0263,2015-06-19 00:00:00,Senapati,25.36336179846001,93.99110394800849,0,7.1,17.5,81.6,94.75,0.421
NEG_0264,2015-08-11 00:00:00,Senapati,25.301466226823496,94.08301911343138,0,22.6,50.3,126.4,95.46,0.47
NEG_0265,2009-08-20 00:00:00,Siaha,22.26109608179978,92.84885599715726,0,14.1,28.4,63.8,98.54,0.43
NEG_0266,2011-07-22 00:00:00,Siang,28.80923011171289,94.44476384643214,0,10.2,21.5,81.8,93.12,0.429
NEG_0267,2013-10-05 23:00:00,Siang,28.48518536549317,94.90960549424756,0,15.2,15.9,15.9,86.92,0.416
NEG_0268,2015-03-19 00:00:00,South Garo Hills,25.392611434909085,90.37284627810882,0,0.0,0.0,0.0,60.46,0.271
NEG_0269,2016-07-28 23:00:00,South Garo Hills,25.437383383104823,90.4873022703662,0,2.3,7.3,91.4,87.29,0.479
NEG_0270,2012-06-10 00:00:00,South Tripura,23.235631069572875,91.57951010637716,0,9.4,17.6,21.7,87.88,0.485
NEG_0271,2015-09-14 01:30:00,South West Garo Hills,25.37209267285104,89.94799498836657,0,5.6,5.6,27.3,82.33,0.434
NEG_0272,2014-06-26 23:00:00,Sribhumi,24.702517595349875,92.50210115322083,0,5.2,21.4,355.3,85.79,0.52
NEG_0273,2015-08-27 00:00:00,Sribhumi,24.439552884904792,92.4662174395672,0,15.9,17.5,91.9,90.92,0.43
NEG_0274,2016-07-20 00:00:00,Sribhumi,24.3043463829258,92.26903026941008,0,11.7,17.6,39.1,86.71,0.436
NEG_0275,2016-10-12 00:00:00,Tamenglong,24.945353854190767,93.2664379652522,0,2.8,8.3,29.0,91.33,0.404
NEG_0276,2007-09-09 00:00:00,Tamenglong,24.978876543360773,93.71336618002772,0,27.4,60.4,157.5,99.42,0.428
NEG_0277,2009-09-17 00:00:00,Tamenglong,25.17879774911693,93.60139744707465,0,9.6,16.0,44.9,95.54,0.411
NEG_0278,2015-09-05 00:00:00,Tamenglong,25.199938792782103,93.80539503787962,0,3.9,17.1,101.9,95.92,0.412
NEG_0279,2015-07-22 00:00:00,Tamenglong,25.276172084905312,93.42714389652264,0,25.5,52.7,177.4,96.33,0.49
NEG_0280,2011-07-25 00:00:00,Tamenglong,24.776353239694657,93.33472633731272,0,14.6,22.2,195.2,91.0,0.43
NEG_0281,2015-09-05 00:00:00,Tamenglong,25.096398263976297,93.56029319973553,0,2.9,14.3,110.5,96.67,0.41
NEG_0282,2007-08-28 00:00:00,Tamenglong,25.28009327806397,93.81996521162029,0,18.4,125.2,176.9,97.08,0.422
NEG_0283,2007-08-26 00:00:00,Tamenglong,25.239211872908136,93.44524968812674,0,21.3,35.1,71.3,97.29,0.519
NEG_0284,2014-09-22 00:00:00,Tamenglong,25.385484006557107,93.78227683263724,0,4.3,15.6,104.1,92.29,0.416
NEG_0285,2010-09-13 00:00:00,Tamenglong,24.97085370928477,93.3790368803608,0,12.7,15.3,41.5,92.92,0.415
NEG_0286,2016-06-12 00:00:00,Tamenglong,24.962373083593743,93.53855134732729,0,16.6,25.3,70.8,95.21,0.425
NEG_0287,2013-09-01 00:00:00,Tamenglong,25.07743439275892,93.72373284272402,0,1.3,3.4,87.7,89.04,0.399
NEG_0288,2015-08-19 00:00:00,Tawang,27.77228293454445,91.8149486104872,0,30.8,67.1,142.6,97.79,0.422
NEG_0289,2009-08-12 00:00:00,Tawang,27.666938371534293,91.9655721145108,0,7.3,11.8,46.0,90.46,0.417
NEG_0290,2010-06-03 05:00:00,Tawang,27.834399952429195,91.6376465074493,0,22.9,30.2,64.5,95.38,0.424
NEG_0291,2014-06-26 23:00:00,Tawang,27.617598310116456,91.93400673411402,0,7.2,20.1,194.3,89.21,0.413
NEG_0292,2013-07-12 00:00:00,Tengnoupal,24.535729448743584,94.27723731507804,0,29.1,43.8,69.4,93.96,0.426
NEG_0293,2015-06-19 00:00:00,Tengnoupal,24.557251292040263,94.21057543022096,0,10.6,19.7,106.8,92.58,0.462
NEG_0294,2016-07-19 00:00:00,Thoubal,24.56686246390578,93.90797571312297,0,0.0,5.4,54.5,89.42,0.395
NEG_0295,2010-09-13 00:00:00,Thoubal,24.66618650755223,94.02228744588282,0,5.0,7.6,30.8,89.79,0.497
NEG_0296,2016-07-07 00:00:00,Tirap,27.16068586810282,95.50195958340638,0,5.6,29.7,105.3,86.29,0.511
NEG_0297,2010-10-09 00:00:00,Tseminyu,25.956253611651334,94.2688472375884,0,25.8,39.0,54.4,92.88,0.456
NEG_0298,2010-09-10 00:00:00,Tuensang,26.25538444035927,94.80134598206917,0,4.7,15.0,61.8,90.29,0.499
NEG_0299,2013-06-07 00:00:00,Tuensang,26.25328879696378,94.69440220256791,0,12.8,31.4,66.6,92.29,0.498
NEG_0300,2014-09-23 03:00:00,Tuensang,26.02117819078533,94.81376534747264,0,7.1,20.7,82.5,89.75,0.5
NEG_0301,2012-06-25 18:00:00,Tuensang,26.231963619454515,94.58516053865246,0,12.9,30.9,198.7,90.83,0.433
NEG_0302,2013-09-24 00:00:00,Tuensang,26.22314786700445,94.86052174484196,0,1.8,4.0,41.1,87.12,0.423
NEG_0303,2010-06-15 00:00:00,Tuensang,26.2052208087556,94.7088219667056,0,14.4,28.6,56.7,90.08,0.423
NEG_0304,2010-10-09 00:00:00,Tuensang,26.15890127108435,94.70745330352574,0,23.9,42.9,67.6,92.83,0.453
NEG_0305,2012-06-25 00:00:00,Tuensang,26.29460470273913,94.65161145231926,0,11.1,29.3,120.8,90.21,0.475
NEG_0306,2015-08-19 09:00:00,Ukhrul,24.92043328322707,94.3261489459818,0,3.6,7.0,22.0,89.25,0.392
NEG_0307,2010-04-20 00:00:00,Ukhrul,25.438029149362,94.63848209677,0,9.2,19.7,23.5,90.5,0.369
NEG_0308,2007-07-26 00:00:00,Ukhrul,25.540272815168688,94.51386138622962,0,9.2,22.9,72.5,86.29,0.471
NEG_0309,2012-06-03 00:00:00,Ukhrul,25.646690757191877,94.56675234781488,0,25.2,49.7,108.5,90.54,0.476
NEG_0310,2011-08-05 00:00:00,Ukhrul,24.920004448937352,94.30163478926912,0,13.9,22.2,46.3,92.71,0.422
NEG_0311,2010-07-06 00:00:00,Ukhrul,25.13996258731159,94.67324123130636,0,10.4,36.0,106.0,92.67,0.443
NEG_0312,2014-09-21 00:00:00,Ukhrul,25.089592826713403,94.4582126534803,0,5.6,59.4,105.6,91.54,0.416
NEG_0313,2010-08-15 23:00:00,Ukhrul,25.173415284727096,94.23743284079696,0,10.6,25.4,78.0,91.58,0.422
NEG_0314,2013-09-01 00:00:00,Ukhrul,25.15316489918411,94.66069928189376,0,8.1,13.0,101.4,91.17,0.459
NEG_0315,2013-08-16 00:00:00,Upper Siang,28.679558960502025,95.16517863750384,0,3.7,7.7,54.0,89.0,0.411
NEG_0316,2011-07-01 00:00:00,Upper Siang,29.310451646840946,94.66251718844362,0,53.2,92.7,123.8,97.25,0.429
NEG_0317,2010-10-08 00:00:00,Upper Subansiri,28.10756965164852,94.15930229539268,0,5.1,27.9,67.1,88.79,0.422
NEG_0318,2013-05-11 00:00:00,West Garo Hills,25.26745799219892,90.03551715327053,0,26.8,33.7,124.3,87.38,0.413
NEG_0319,2011-06-28 00:00:00,West Garo Hills,25.690219362435215,89.93561467802851,0,11.0,18.9,68.8,88.54,0.404
NEG_0320,2014-05-08 00:00:00,West Garo Hills,25.461683920804717,90.18380852985791,0,44.5,60.5,217.0,90.92,0.474
NEG_0321,2015-08-26 00:00:00,West Garo Hills,25.78371178630759,90.13084533388364,0,15.7,29.6,145.7,92.54,0.407
NEG_0322,2007-05-23 00:00:00,West Garo Hills,25.486355383062634,90.26056813366624,0,3.9,9.7,80.6,94.58,0.481
NEG_0323,2015-08-28 01:45:00,West Garo Hills,25.940930887763063,90.280277770766,0,14.4,25.8,105.3,86.96,0.429
NEG_0324,2010-10-09 00:00:00,West Garo Hills,25.97033156716129,90.41498194457104,0,96.3,109.0,121.2,95.58,0.428
NEG_0325,2016-07-10 00:00:00,West Jaintia Hills,25.59562354143025,92.3306806236301,0,13.8,29.8,144.2,90.12,0.461
NEG_0326,2007-07-30 00:00:00,West Kameng,27.5599025343385,92.52152190974412,0,46.8,68.9,322.7,98.04,0.43
NEG_0327,2015-02-19 23:00:00,West Kameng,27.092060394055476,92.12567098734448,0,1.9,2.4,15.3,87.21,0.401
NEG_0328,2007-09-18 00:00:00,West Kameng,27.218248840706934,92.32312522749014,0,4.5,19.5,65.4,85.92,0.41
NEG_0329,2010-06-03 05:00:00,West Khasi Hills,25.38091143826982,90.77165490069568,0,30.5,50.3,130.1,94.21,0.464
NEG_0330,2015-06-16 00:00:00,West Khasi Hills,25.619806363418828,91.27974255288922,0,13.9,29.9,325.1,93.38,0.484
NEG_0331,2015-08-16 00:00:00,West Siang,28.121884204642235,94.57201486222912,0,24.2,46.3,80.6,96.75,0.425
NEG_0332,2013-06-07 00:00:00,West Tripura,23.7696627054414,91.30789903481858,0,1.3,6.2,17.8,81.92,0.447
NEG_0333,2015-08-01 00:00:00,Wokha,26.169579782130715,94.17138608839578,0,31.4,33.5,65.8,92.46,0.49
NEG_0334,2013-05-12 00:00:00,Wokha,26.0591377365208,94.26109291501348,0,28.7,37.6,105.4,90.83,0.503
NEG_0335,2015-08-01 00:00:00,Wokha,26.000207243737336,94.16795359876828,0,28.0,31.0,44.3,93.92,0.492
NEG_0336,2011-09-23 00:00:00,Zunheboto,25.927427423097686,94.3711490433543,0,21.3,43.4,107.8,90.04,0.446
NEG_0337,2013-07-01 00:00:00,Zunheboto,25.895357199060268,94.48689988552948,0,13.3,36.6,106.4,85.5,0.511
NEG_0338,2010-07-06 00:00:00,Zunheboto,26.132010245065175,94.63829668219424,0,4.1,13.8,98.3,86.96,0.505
NEG_0339,2010-08-14 00:00:00,Zunheboto,25.9353318741944,94.29805578164289,0,12.9,26.1,59.6,90.92,0.455
NEG_0340,2007-09-11 00:00:00,Zunheboto,25.84510577620573,94.27156651835004,0,8.4,44.4,198.2,88.38,0.502
NEG_0341,2013-05-11 09:00:00,Zunheboto,26.05371251150698,94.3919013363764,0,21.6,33.2,132.6,91.12,0.496
NEG_0342,2013-05-12 00:00:00,Zunheboto,26.042131347538536,94.6143334527487,0,39.6,61.2,167.5,92.21,0.496
NEG_0343,2010-04-20 00:00:00,Zunheboto,26.134884839621517,94.41062139255862,0,49.3,71.6,111.0,91.71,0.433
NEG_0344,2010-08-14 00:00:00,Zunheboto,26.16417985045842,94.4746915357764,0,16.2,28.2,50.9,92.54,0.496
NEG_0345,2011-05-31 14:00:00,Zunheboto,25.98503959855764,94.53328948946633,0,31.2,45.4,81.9,91.0,0.515
NEG_0346,2013-08-15 00:00:00,Zunheboto,26.09160571987535,94.60257859031653,0,9.9,16.3,69.0,90.12,0.508
