event_id,event_date,district,latitude,longitude,landslide
NEG_0001,2016-06-12 00:00:00,Aizawl,23.563871528160366,92.7208129153357,0
NEG_0002,2008-10-29 00:00:00,Aizawl,24.295396041516685,92.89814320478648,0
NEG_0003,2014-09-24 00:00:00,Aizawl,23.934033695117968,92.86517296821184,0
NEG_0004,2015-09-23 15:00:00,Aizawl,23.778966580178746,92.9090149222461,0
NEG_0005,2010-09-13 09:00:00,Aizawl,23.6921541498751,92.9076085455244,0
NEG_0006,2015-08-26 00:00:00,Aizawl,23.735613735768666,92.64451635891994,0
NEG_0007,2013-09-01 00:00:00,Aizawl,23.98047757948749,92.97354612900101,0
NEG_0008,2015-08-12 00:00:00,Aizawl,23.906675146994612,92.92155602880102,0
NEG_0009,2012-06-13 00:00:00,Aizawl,24.288059808591733,92.87692570090425,0
NEG_0010,2010-07-06 00:00:00,Aizawl,23.4065050457272,92.72715200375066,0
NEG_0011,2016-08-05 00:00:00,Aizawl,23.73583158921991,92.98192956993641,0
NEG_0012,2010-08-13 00:00:00,Aizawl,23.71908114529014,92.88003578721978,0
NEG_0013,2011-06-28 00:00:00,Aizawl,24.06770022415593,92.90923360605434,0
NEG_0014,2010-10-08 00:00:00,Aizawl,23.929336748201745,92.88194092287972,0
NEG_0015,2011-09-06 08:00:00,Aizawl,24.168650497669283,92.97149657096975,0
NEG_0016,2015-08-19 00:00:00,Aizawl,24.20034977468548,92.96220366501767,0
NEG_0017,2010-06-07 00:00:00,Anjaw,28.168024149801433,96.632888390271,0
NEG_0018,2010-09-10 00:00:00,Anjaw,28.157424271246036,97.28164717235899,0
NEG_0019,2010-09-13 00:00:00,Anjaw,27.83682384149718,96.91366205304566,0
NEG_0020,2012-06-13 00:00:00,Barpeta,26.40352218698635,90.922996053456,0
NEG_0021,2010-08-15 23:00:00,Bichom,27.19029382582536,92.86458745508027,0
NEG_0022,2007-07-27 00:00:00,Cachar,24.897913642265028,92.55179692542717,0
NEG_0023,2014-09-22 00:00:00,Cachar,24.787519737577338,92.99352285150827,0
NEG_0024,2010-10-08 00:00:00,Cachar,24.63597804237234,93.06708765130792,0
NEG_0025,2013-08-04 00:00:00,Cachar,24.723438265453826,92.7844445879258,0
NEG_0026,2012-06-25 18:00:00,Cachar,24.960547966350475,93.23920438710424,0
NEG_0027,2010-08-19 00:00:00,Champhai,23.135098120595668,93.32273094457986,0
NEG_0028,2015-06-16 00:00:00,Chandel,24.34633430615902,94.01540834806937,0
NEG_0029,2010-04-20 00:00:00,Chandel,23.990980456120443,94.15443013990873,0
NEG_0030,2013-05-11 00:00:00,Chandel,23.917660990833987,94.13314482092387,0
NEG_0031,2010-07-21 08:00:00,Chandel,24.233060213456955,94.00932267294522,0
NEG_0032,2013-08-16 00:00:00,Chandel,24.30310116627508,94.09364890786838,0
NEG_0033,2013-06-01 00:00:00,Chandel,24.174407016038685,93.9627523904574,0
NEG_0034,2007-07-30 00:00:00,Chandel,23.87174603199583,94.10299341745528,0
NEG_0035,2010-08-17 00:00:00,Chandel,23.99002500654674,93.77181914558531,0
NEG_0036,2012-11-11 00:00:00,Chandel,24.188679817955702,93.9873516377487,0
NEG_0037,2010-11-22 00:00:00,Chandel,23.993320040773128,94.03455800285087,0
NEG_0038,2010-04-17 15:00:00,Chandel,23.95860908872156,94.15480561540306,0
NEG_0039,2016-06-12 23:00:00,Changlang,27.554300585586216,96.24727533866576,0
NEG_0040,2007-09-08 00:00:00,Chumoukedima,25.73854121875132,93.58907354508575,0
NEG_0041,2007-09-11 00:00:00,Chumoukedima,25.77037212334036,93.6359557483935,0
NEG_0042,2012-09-19 00:00:00,Chumoukedima,25.708986051406455,93.75183340269321,0
NEG_0043,2015-08-22 09:00:00,Dibang Valley,28.760486101460767,95.56662294024936,0
NEG_0044,2015-09-06 15:00:00,Dibang Valley,28.75407748624682,95.53569517004131,0
NEG_0045,2011-07-11 09:00:00,Dibang Valley,28.615892565810945,96.31651098724697,0
NEG_0046,2013-07-15 00:00:00,Dibang Valley,28.856152125323327,96.14807407234514,0
NEG_0047,2015-09-01 00:00:00,Dibang Valley,28.92228451840578,96.03507357401928,0
NEG_0048,2013-09-02 00:00:00,Dima Hasao,25.471373470398007,92.57512165491632,0
NEG_0049,2008-06-15 00:00:00,Dima Hasao,25.42595693853939,93.3968749363575,0
NEG_0050,2007-07-19 00:00:00,Dima Hasao,25.480666305603794,92.69774267164382,0
NEG_0051,2010-08-06 00:00:00,Dima Hasao,25.31686424242061,93.34200897116156,0
NEG_0052,2010-06-15 00:00:00,Dima Hasao,25.480224722949483,92.75529862208836,0
NEG_0053,2013-05-11 09:00:00,Dima Hasao,25.2419327084764,93.05933731819877,0
NEG_0054,2010-03-27 20:00:00,Dima Hasao,25.584314333924116,92.71531169496656,0
NEG_0055,2015-08-01 00:00:00,Dima Hasao,25.36266242521681,93.13584351131617,0
NEG_0056,2015-08-02 00:00:00,Dima Hasao,25.056227491174262,93.0572088594076,0
NEG_0057,2015-07-22 00:00:00,Dima Hasao,25.198044501157,92.72378931369167,0
NEG_0058,2015-09-14 03:10:00,Dima Hasao,25.105829691989946,92.87282269879178,0
NEG_0059,2016-05-18 08:00:00,Dima Hasao,25.49490919585902,93.19115856767536,0
NEG_0060,2010-06-16 00:00:00,Dima Hasao,25.542980565579203,93.02475418936709,0
NEG_0061,2015-07-24 00:00:00,East Jaintia Hills,25.322727732184266,92.36035908127303,0
NEG_0062,2011-07-16 00:00:00,East Jaintia Hills,25.121515327598132,92.34922763571463,0
NEG_0063,2013-08-04 00:00:00,East Jaintia Hills,25.309782765559756,92.2998576173162,0
NEG_0064,2014-06-26 23:00:00,East Jaintia Hills,25.139523896690136,92.49050052770454,0
NEG_0065,2015-08-19 00:00:00,East Jaintia Hills,25.216192991874678,92.22955440361577,0
NEG_0066,2012-06-25 00:00:00,East Jaintia Hills,25.224308004049195,92.27331814011413,0
NEG_0067,2016-07-19 00:00:00,East Kameng,27.24336271204924,92.96778490932093,0
NEG_0068,2015-08-01 00:00:00,East Kameng,27.842455469418333,92.95365859245675,0
NEG_0069,2007-05-23 00:00:00,East Kameng,27.507295852250824,92.96005449265337,0
NEG_0070,2015-08-26 00:00:00,East Khasi Hills,25.611595006744253,91.99419590013675,0
NEG_0071,2016-06-12 00:00:00,East Khasi Hills,25.264530643423267,91.52279411743834,0
NEG_0072,2015-08-19 00:00:00,East Khasi Hills,25.440895015362354,91.6383043523845,0
NEG_0073,2010-08-17 00:00:00,East Khasi Hills,25.3567265150561,91.9831471304047,0
NEG_0074,2014-09-22 00:00:00,East Khasi Hills,25.583265815514885,92.04884666531527,0
NEG_0075,2015-06-19 00:00:00,East Khasi Hills,25.14459025642732,91.66152115882811,0
NEG_0076,2014-06-26 23:00:00,East Siang,27.97064255375316,95.29871744024324,0
NEG_0077,2010-04-21 00:00:00,East Siang,27.957148383100776,95.26763778711059,0
NEG_0078,2010-10-08 00:00:00,East Siang,28.018584362583226,95.38977848355344,0
NEG_0079,2009-08-12 00:00:00,Gangtok,27.188102369876873,88.53232513845538,0
NEG_0080,2014-09-22 00:00:00,Gangtok,27.354012918693027,88.69875841755564,0
NEG_0081,2010-10-09 00:00:00,Gangtok,27.283226683405235,88.53564849637009,0
NEG_0082,2016-07-20 00:00:00,Gangtok,27.33036593243181,88.88140902690192,0
NEG_0083,2013-07-01 00:00:00,Gangtok,27.354092555929668,88.84665047366147,0
NEG_0084,2007-07-16 00:00:00,Gangtok,27.341109371109816,88.68379093462644,0
NEG_0085,2012-09-16 00:00:00,Gangtok,27.280559993331064,88.50232711546384,0
NEG_0086,2011-07-22 00:00:00,Gangtok,27.399039695260083,88.76510081591535,0
NEG_0087,2015-08-01 00:00:00,Gangtok,27.370301683738436,88.54192966460828,0
NEG_0088,2014-09-08 00:00:00,Gangtok,27.3039058204521,88.48202668449484,0
NEG_0089,2013-05-11 00:00:00,Gangtok,27.188551784871454,88.51191360811467,0
NEG_0090,2010-09-16 00:00:00,Gangtok,27.35374667391867,88.71653953147418,0
NEG_0091,2012-04-08 00:00:00,Gangtok,27.366443254126963,88.80028501754568,0
NEG_0092,2016-07-14 00:00:00,Gangtok,27.348236833358225,88.82567491325162,0
NEG_0093,2016-07-14 00:00:00,Gyalshing,27.4074047025164,88.30856766497962,0
NEG_0094,2016-07-28 00:00:00,Gyalshing,27.42544952040027,88.26623258106544,0
NEG_0095,2013-05-11 00:00:00,Hailakandi,24.254731700159393,92.580004961311,0
NEG_0096,2010-07-06 00:00:00,Hailakandi,24.695346654955483,92.58150958549308,0
NEG_0097,2015-08-27 00:00:00,Hailakandi,24.714566716892843,92.51896690186649,0
NEG_0098,2011-07-25 00:00:00,Hailakandi,24.340682345707364,92.64547150286984,0
NEG_0099,2008-08-14 00:00:00,Imphal East,24.747441889047472,94.07115257991799,0
NEG_0100,2013-07-12 00:00:00,Imphal East,24.86846076720832,93.97410461124716,0
NEG_0101,2010-04-02 23:00:00,Imphal East,24.785617294692134,93.9975533029215,0
NEG_0102,2016-07-01 00:00:00,Imphal West,24.59663000741551,93.85176018251727,0
NEG_0103,2012-06-03 00:00:00,Imphal West,24.95503180817277,93.87567168053877,0
NEG_0104,2015-09-01 00:00:00,Imphal West,24.78608295782337,93.82386639010144,0
NEG_0105,2016-06-22 12:00:00,Jiribam,24.75878611802888,93.12748067976376,0
NEG_0106,2013-07-01 00:00:00,Kamjong,25.003488872596527,94.57633135452848,0
NEG_0107,2007-07-16 00:00:00,Kamjong,24.641126549377116,94.24522760724716,0
NEG_0108,2012-09-16 00:00:00,Kamjong,24.682820401434338,94.26349714108606,0
NEG_0109,2010-03-27 20:00:00,Kamrup,26.241441655136498,91.68033926393399,0
NEG_0110,2010-10-09 00:00:00,Kamrup,25.9048463815347,91.43616450927911,0
NEG_0111,2007-08-26 00:00:00,Kamrup,26.43206472449733,91.62112902401525,0
NEG_0112,2010-07-19 06:00:00,Kamrup,26.387079337805513,91.65044415842614,0
NEG_0113,2011-08-13 08:00:00,Kamrup Metro,26.08689512801726,92.04238526363049,0
NEG_0114,2011-07-06 00:00:00,Kamrup Metro,26.12358816676286,91.8192860597564,0
NEG_0115,2008-06-09 00:00:00,Kamrup Metro,26.16088150079669,92.15200518404406,0
NEG_0116,2011-05-24 00:00:00,Kamrup Metro,26.109549859718985,91.99603553467124,0
NEG_0117,2013-08-04 00:00:00,Kamrup Metro,26.135894919018032,92.05811512458614,0
NEG_0118,2012-06-14 04:00:00,Kamrup Metro,26.209640112159445,91.84686146737852,0
NEG_0119,2016-07-14 00:00:00,Kamrup Metro,26.060371003934854,92.10329899118085,0
NEG_0120,2014-06-27 00:00:00,Kamrup Metro,26.169243186653393,91.9114548066772,0
NEG_0121,2007-07-27 00:00:00,Kamrup Metro,26.0851333105531,92.051736228047,0
NEG_0122,2010-10-08 00:00:00,Kamrup Metro,26.068689002497678,91.99226678948823,0
NEG_0123,2010-04-20 00:00:00,Kamrup Metro,26.046814829510826,91.87870621419313,0
NEG_0124,2010-04-20 00:00:00,Kamrup Metro,26.12317155205159,92.00389067188668,0
NEG_0125,2015-08-01 00:00:00,Kamrup Metro,26.16352773884582,91.98576018477594,0
NEG_0126,2014-09-23 00:00:00,Kamrup Metro,26.139819790955055,91.78788138076415,0
NEG_0127,2011-07-19 00:00:00,Kamrup Metro,26.189180295043307,91.82263649985448,0
NEG_0128,2010-10-08 00:00:00,Kamrup Metro,26.078770739481694,92.00463499954061,0
NEG_0129,2014-10-01 11:00:00,Kamrup Metro,26.150931246635928,92.02858529313,0
NEG_0130,2014-09-23 03:00:00,Kamrup Metro,26.07381678527916,92.07314676923954,0
NEG_0131,2016-06-12 23:00:00,Kamrup Metro,26.068186617606557,91.88947906759877,0
NEG_0132,2015-07-22 00:00:00,Kamrup Metro,26.176738929924667,91.90130782794138,0
NEG_0133,2016-06-12 00:00:00,Kamrup Metro,26.19093844499602,91.9533086106538,0
NEG_0134,2015-06-19 00:00:00,Kamrup Metro,26.145101793143247,92.09781563360083,0
NEG_0135,2011-08-16 08:00:00,Kamrup Metro,26.123984511239847,91.60102403979917,0
NEG_0136,2013-08-04 00:00:00,Kamrup Metro,26.2006684541521,91.93389415634181,0
NEG_0137,2010-07-29 00:00:00,Kamrup Metro,26.095408615085603,92.03811385859126,0
NEG_0138,2015-09-06 15:00:00,Kamrup Metro,26.14370771275923,91.82468305544899,0
NEG_0139,2013-02-18 00:00:00,Kamrup Metro,26.187681256080445,91.93593285900646,0
NEG_0140,2011-07-07 00:00:00,Kamrup Metro,26.06570573085838,91.94570661181378,0
NEG_0141,2016-07-14 00:00:00,Kamrup Metro,26.15016699660134,91.83801933453745,0
NEG_0142,2014-09-22 00:00:00,Kamrup Metro,26.071727090874663,91.58090100237423,0
NEG_0143,2010-07-06 00:00:00,Kamrup Metro,26.114307994451366,91.99337670135074,0
NEG_0144,2013-08-16 00:00:00,Kamrup Metro,26.167446576481968,91.94542539807858,0
NEG_0145,2014-09-21 00:00:00,Kamrup Metro,26.13753400570108,91.82241200388596,0
NEG_0146,2013-08-16 00:00:00,Kamrup Metro,26.065958910977045,91.65249274497542,0
NEG_0147,2013-10-13 19:30:00,Kangpokpi,24.73582379138734,93.69866112660543,0
NEG_0148,2013-08-04 00:00:00,Kangpokpi,25.19998581836119,93.97852168509658,0
NEG_0149,2013-09-07 15:00:00,Kangpokpi,24.94951986815494,93.89520469173888,0
NEG_0150,2011-07-07 00:00:00,Kangpokpi,24.967216705998066,93.9279769850176,0
NEG_0151,2015-07-31 23:00:00,Khawzawl,23.73351803736364,93.24276687121852,0
NEG_0152,2010-08-14 00:00:00,Khowai,24.05191329402229,91.54954969438224,0
NEG_0153,2016-07-11 23:00:00,Kiphire,25.922178858413027,94.84653505041162,0
NEG_0154,2015-08-16 00:00:00,Kiphire,25.87294109544401,94.79575554659951,0
NEG_0155,2010-06-15 00:00:00,Kiphire,25.843732806676943,94.65697160099694,0
NEG_0156,2007-08-26 00:00:00,Kohima,25.683868695783215,94.07665399987884,0
NEG_0157,2009-09-17 00:00:00,Kohima,25.865024929738585,94.15429256099111,0
NEG_0158,2016-07-20 00:00:00,Kohima,25.719010514510153,94.05401094676417,0
NEG_0159,2011-06-21 00:00:00,Kohima,25.70261766309623,94.10772376627949,0
NEG_0160,2016-06-12 23:00:00,Kohima,25.705501858903467,94.23158617678381,0
NEG_0161,2016-10-15 00:00:00,Kohima,25.665080092365066,93.96708498673914,0
NEG_0162,2016-07-16 00:00:00,Kohima,25.568060207285356,94.16520047700118,0
NEG_0163,2016-07-10 00:00:00,Kohima,25.615649462373653,94.1305257846819,0
NEG_0164,2012-06-20 00:00:00,Kohima,25.609757193163535,94.05259320672806,0
NEG_0165,2016-05-18 08:00:00,Kohima,25.566461099364933,94.07333214352226,0
NEG_0166,2012-06-02 00:00:00,Kohima,25.80816244926024,94.0876583574283,0
NEG_0167,2013-08-04 00:00:00,Kohima,25.68675004299947,94.16797884861946,0
NEG_0168,2012-06-25 18:00:00,Kohima,25.895842217408592,94.05529016055948,0
NEG_0169,2007-09-11 00:00:00,Kohima,25.856864808976184,94.1759859678794,0
NEG_0170,2015-09-14 03:10:00,Kohima,25.741774466578356,94.02820380183266,0
NEG_0171,2016-07-25 12:30:00,Kohima,25.895279981178255,94.04065173726119,0
NEG_0172,2012-03-04 00:00:00,Kohima,25.864332042758182,94.04288666056614,0
NEG_0173,2008-08-19 00:00:00,Kohima,25.846363500016206,94.16790756249992,0
NEG_0174,2012-06-03 00:00:00,Kohima,25.580448429371206,94.14726496525923,0
NEG_0175,2010-10-09 00:00:00,Kohima,25.62603325483321,94.19750744735704,0
NEG_0176,2009-09-17 00:00:00,Kohima,25.78125202652342,94.16304910508968,0
NEG_0177,2011-07-15 18:00:00,Kolasib,24.060097371798218,92.66873531354244,0
NEG_0178,2015-06-24 00:00:00,Kolasib,24.13936616499024,92.80569926645548,0
NEG_0179,2014-10-01 11:00:00,Kolasib,24.32156904060234,92.81077937533745,0
NEG_0180,2013-08-17 23:00:00,Kurung Kumey,28.13125357665081,93.0882396443273,0
NEG_0181,2014-07-14 18:00:00,Kurung Kumey,27.88481912994768,92.94496717115764,0
NEG_0182,2011-06-28 00:00:00,Lakhimpur,27.11017853153665,93.92517713322451,0
NEG_0183,2015-08-01 00:00:00,Lakhimpur,26.876875035063573,93.85607015308098,0
NEG_0184,2015-07-25 09:00:00,Lakhimpur,26.999517910559756,94.12720066819192,0
NEG_0185,2015-08-19 09:00:00,Lakhimpur,27.02308689959016,94.13102165095252,0
NEG_0186,2014-09-23 00:00:00,Lawngtlai,22.343721363117595,92.60458394391124,0
NEG_0187,2013-05-11 00:00:00,Lohit,27.80577012784163,96.70742945746152,0
NEG_0188,2011-07-29 00:00:00,Lohit,27.93666836918718,96.42650469390351,0
NEG_0189,2013-08-04 00:00:00,Longleng,26.535355102035858,94.71654774547522,0
NEG_0190,2014-09-22 00:00:00,Lower Subansiri,27.558907938880647,93.8359115290164,0
NEG_0191,2014-08-14 23:00:00,Lunglei,23.22743715344856,92.48601972311604,0
NEG_0192,2015-07-22 00:00:00,Mamit,23.87730999569801,92.52277455830588,0
NEG_0193,2010-04-17 15:00:00,Mangan,27.469919168196743,88.64029992121108,0
NEG_0194,2010-07-06 00:00:00,Mangan,27.859277141207855,88.81280057160109,0
NEG_0195,2014-09-22 00:00:00,Meluri,25.499684230419394,94.59686583223862,0
NEG_0196,2011-08-05 00:00:00,Meluri,25.60840769345552,94.57875150292136,0
NEG_0197,2013-09-01 18:00:00,Mokokchung,26.494381781198218,94.35912945374797,0
NEG_0198,2014-09-22 00:00:00,Mokokchung,26.460659459793483,94.67635843976728,0
NEG_0199,2012-06-20 00:00:00,Mokokchung,26.3767603399679,94.64056902031606,0
NEG_0200,2013-08-04 00:00:00,Mokokchung,26.22219625769654,94.5131204298741,0
NEG_0201,2015-06-19 00:00:00,Mokokchung,26.602587893351245,94.6925974707619,0
NEG_0202,2013-09-01 18:00:00,Mon,26.88906316768945,95.22623358858304,0
NEG_0203,2013-08-04 00:00:00,Mon,26.84746475882016,94.94972509410485,0
NEG_0204,2016-06-14 08:00:00,Mon,26.902405340735253,95.04947514000278,0
NEG_0205,2011-07-29 00:00:00,Mon,26.96746381158297,95.15999615309912,0
NEG_0206,2011-06-29 00:00:00,Mon,26.373091561874485,95.07934797496077,0
NEG_0207,2015-08-02 00:00:00,Mon,26.358443686562136,95.00701378247096,0
NEG_0208,2014-09-22 00:00:00,Mon,26.62612707019448,94.84214781769994,0
NEG_0209,2016-10-12 00:00:00,Mon,26.949533831935366,95.1150773617376,0
NEG_0210,2015-08-19 00:00:00,Mon,26.652904651655994,94.82522413638031,0
NEG_0211,2015-07-22 00:00:00,Nagaon,26.20856261099158,92.44199237776621,0
NEG_0212,2010-06-16 00:00:00,Namchi,27.171500457259803,88.4790227809207,0
NEG_0213,2010-07-06 00:00:00,Namchi,27.176328637651643,88.3306875459138,0
NEG_0214,2007-07-27 00:00:00,Namchi,27.145593568061535,88.36174580312694,0
NEG_0215,2010-06-03 00:00:00,Namchi,27.13770049148456,88.31470603442803,0
NEG_0216,2016-04-19 00:00:00,Namchi,27.12868145550283,88.48197395907106,0
NEG_0217,2016-07-07 00:00:00,Namchi,27.24024160898626,88.31140973535814,0
NEG_0218,2016-07-01 00:00:00,Noklak,25.934552826388924,94.95272938866471,0
NEG_0219,2013-05-11 00:00:00,Noney,24.757034331065018,93.46855169802271,0
NEG_0220,2012-06-14 04:00:00,Noney,24.622026596593326,93.42428754904434,0
NEG_0221,2015-08-28 01:45:00,Noney,24.67194651490026,93.23131392545878,0
NEG_0222,2013-08-04 00:00:00,Noney,24.678145527158872,93.66247771484919,0
NEG_0223,2011-07-07 00:00:00,Noney,24.650728946335523,93.57454163127905,0
NEG_0224,2015-08-01 00:00:00,Noney,24.74524628098301,93.50227398466278,0
NEG_0225,2015-06-24 00:00:00,Noney,24.707697847688692,93.42738233124462,0
NEG_0226,2015-08-11 00:00:00,Noney,24.803468984500718,93.54172430965781,0
NEG_0227,2010-04-17 00:00:00,North Garo Hills,25.843192832310095,90.56811777713469,0
NEG_0228,2016-05-18 08:00:00,Pakyong,27.185425032565846,88.66874542300174,0
NEG_0229,2016-06-14 08:00:00,Pakyong,27.281546731623422,88.71151731603443,0
NEG_0230,2015-08-18 00:00:00,Papum Pare,27.02161416153475,93.53910977372587,0
NEG_0231,2013-09-02 00:00:00,Papum Pare,27.137120885708548,93.26192142143049,0
NEG_0232,2010-07-21 08:00:00,Papum Pare,27.339557478429445,93.56102998412867,0
NEG_0233,2010-08-27 16:30:00,Papum Pare,27.27284032801899,93.36482997103221,0
NEG_0234,2012-06-20 00:00:00,Papum Pare,27.3244701864772,93.55950336378372,0
NEG_0235,2011-08-13 08:00:00,Papum Pare,27.336896983588584,93.97049516069171,0
NEG_0236,2010-04-21 00:00:00,Papum Pare,27.364396338986182,94.02611341944129,0
NEG_0237,2013-08-17 23:00:00,Papum Pare,27.42003691208151,93.86610172187463,0
NEG_0238,2010-07-06 00:00:00,Papum Pare,27.42646116015962,93.39042247189565,0
NEG_0239,2015-08-27 00:00:00,Phek,25.5404320551916,94.2410357930931,0
NEG_0240,2014-09-08 00:00:00,Pherzawl,24.120320504229376,93.18061399151958,0
NEG_0241,2016-08-05 00:00:00,Ri Bhoi,25.813946261391855,91.83683387690505,0
NEG_0242,2007-09-18 00:00:00,Ri Bhoi,26.010219790608602,92.01514233416147,0
NEG_0243,2015-08-01 00:00:00,Ri Bhoi,25.8373905436709,91.75531803955687,0
NEG_0244,2013-08-01 00:00:00,Ri Bhoi,25.685231570719637,92.04625520879621,0
NEG_0245,2012-06-14 04:00:00,Saitual,23.962346735382287,93.01401434775022,0
NEG_0246,2011-06-29 00:00:00,Senapati,25.46605896739607,94.11540849703735,0
NEG_0247,2013-06-01 00:00:00,Senapati,25.295420030430797,94.31775015797096,0
NEG_0248,2016-07-11 23:00:00,Senapati,25.502118673021464,93.76624751966985,0
NEG_0249,2010-08-17 00:00:00,Senapati,25.41710427429541,93.92838207642811,0
NEG_0250,2013-08-04 00:00:00,Senapati,25.424798424539777,94.38916341005321,0
NEG_0251,2009-08-26 00:00:00,Senapati,25.453872441130567,94.05547049843874,0
NEG_0252,2013-10-06 00:00:00,Senapati,25.52662793244414,93.99739543194725,0
NEG_0253,2012-06-13 00:00:00,Senapati,25.476206724952824,94.09606160048682,0
NEG_0254,2015-07-31 09:00:00,Senapati,25.546103501677525,93.82486595124615,0
NEG_0255,2014-05-08 00:00:00,Senapati,25.345596246556433,94.07825706655372,0
NEG_0256,2007-09-08 00:00:00,Senapati,25.304836176659105,94.04915940014615,0
NEG_0257,2011-07-25 00:00:00,Senapati,25.516607724595314,93.92215666785688,0
NEG_0258,2015-07-15 08:00:00,Senapati,25.216082876995895,94.13279756630796,0
NEG_0259,2010-09-16 03:00:00,Senapati,25.5153036451658,93.90198408147496,0
NEG_0260,2016-10-12 00:00:00,Senapati,25.508076833274565,94.19981194326864,0
NEG_0261,2012-07-05 00:00:00,Senapati,25.374292080356838,94.21843991469564,0
NEG_0262,2010-07-19 06:00:00,Senapati,25.367492894916527,94.31462694205408,0
NEG_0263,2015-06-19 00:00:00,Senapati,25.36336179846001,93.99110394800849,0
NEG_0264,2015-08-11 00:00:00,Senapati,25.301466226823496,94.08301911343138,0
NEG_0265,2009-08-20 00:00:00,Siaha,22.26109608179978,92.84885599715726,0
NEG_0266,2011-07-22 00:00:00,Siang,28.809230111712886,94.44476384643214,0
NEG_0267,2013-10-05 23:00:00,Siang,28.485185365493166,94.90960549424757,0
NEG_0268,2015-03-19 00:00:00,South Garo Hills,25.392611434909085,90.37284627810882,0
NEG_0269,2016-07-28 23:00:00,South Garo Hills,25.437383383104823,90.4873022703662,0
NEG_0270,2012-06-10 00:00:00,South Tripura,23.235631069572875,91.57951010637716,0
NEG_0271,2015-09-14 01:30:00,South West Garo Hills,25.37209267285104,89.94799498836657,0
NEG_0272,2014-06-26 23:00:00,Sribhumi,24.702517595349875,92.50210115322085,0
NEG_0273,2015-08-27 00:00:00,Sribhumi,24.439552884904792,92.46621743956719,0
NEG_0274,2016-07-20 00:00:00,Sribhumi,24.3043463829258,92.26903026941007,0
NEG_0275,2016-10-12 00:00:00,Tamenglong,24.945353854190767,93.2664379652522,0
NEG_0276,2007-09-09 00:00:00,Tamenglong,24.978876543360773,93.71336618002773,0
NEG_0277,2009-09-17 00:00:00,Tamenglong,25.17879774911693,93.60139744707463,0
NEG_0278,2015-09-05 00:00:00,Tamenglong,25.199938792782103,93.80539503787962,0
NEG_0279,2015-07-22 00:00:00,Tamenglong,25.276172084905312,93.42714389652265,0
NEG_0280,2011-07-25 00:00:00,Tamenglong,24.776353239694657,93.33472633731272,0
NEG_0281,2015-09-05 00:00:00,Tamenglong,25.096398263976294,93.56029319973553,0
NEG_0282,2007-08-28 00:00:00,Tamenglong,25.280093278063966,93.81996521162027,0
NEG_0283,2007-08-26 00:00:00,Tamenglong,25.239211872908136,93.44524968812674,0
NEG_0284,2014-09-22 00:00:00,Tamenglong,25.385484006557107,93.78227683263724,0
NEG_0285,2010-09-13 00:00:00,Tamenglong,24.97085370928477,93.37903688036081,0
NEG_0286,2016-06-12 00:00:00,Tamenglong,24.962373083593743,93.53855134732727,0
NEG_0287,2013-09-01 00:00:00,Tamenglong,25.07743439275892,93.72373284272402,0
NEG_0288,2015-08-19 00:00:00,Tawang,27.77228293454445,91.81494861048719,0
NEG_0289,2009-08-12 00:00:00,Tawang,27.666938371534293,91.9655721145108,0
NEG_0290,2010-06-03 05:00:00,Tawang,27.834399952429195,91.6376465074493,0
NEG_0291,2014-06-26 23:00:00,Tawang,27.617598310116456,91.93400673411402,0
NEG_0292,2013-07-12 00:00:00,Tengnoupal,24.535729448743584,94.27723731507805,0
NEG_0293,2015-06-19 00:00:00,Tengnoupal,24.557251292040263,94.21057543022096,0
NEG_0294,2016-07-19 00:00:00,Thoubal,24.56686246390578,93.90797571312295,0
NEG_0295,2010-09-13 00:00:00,Thoubal,24.66618650755223,94.02228744588282,0
NEG_0296,2016-07-07 00:00:00,Tirap,27.16068586810282,95.50195958340638,0
NEG_0297,2010-10-09 00:00:00,Tseminyu,25.956253611651334,94.26884723758839,0
NEG_0298,2010-09-10 00:00:00,Tuensang,26.25538444035927,94.80134598206915,0
NEG_0299,2013-06-07 00:00:00,Tuensang,26.25328879696378,94.69440220256793,0
NEG_0300,2014-09-23 03:00:00,Tuensang,26.02117819078533,94.81376534747264,0
NEG_0301,2012-06-25 18:00:00,Tuensang,26.231963619454515,94.58516053865246,0
NEG_0302,2013-09-24 00:00:00,Tuensang,26.22314786700445,94.86052174484196,0
NEG_0303,2010-06-15 00:00:00,Tuensang,26.205220808755602,94.70882196670561,0
NEG_0304,2010-10-09 00:00:00,Tuensang,26.15890127108435,94.70745330352574,0
NEG_0305,2012-06-25 00:00:00,Tuensang,26.29460470273913,94.65161145231926,0
NEG_0306,2015-08-19 09:00:00,Ukhrul,24.92043328322707,94.32614894598181,0
NEG_0307,2010-04-20 00:00:00,Ukhrul,25.438029149362,94.63848209677,0
NEG_0308,2007-07-26 00:00:00,Ukhrul,25.540272815168688,94.51386138622962,0
NEG_0309,2012-06-03 00:00:00,Ukhrul,25.646690757191877,94.56675234781487,0
NEG_0310,2011-08-05 00:00:00,Ukhrul,24.920004448937352,94.30163478926912,0
NEG_0311,2010-07-06 00:00:00,Ukhrul,25.13996258731159,94.67324123130636,0
NEG_0312,2014-09-21 00:00:00,Ukhrul,25.089592826713403,94.4582126534803,0
NEG_0313,2010-08-15 23:00:00,Ukhrul,25.173415284727096,94.23743284079696,0
NEG_0314,2013-09-01 00:00:00,Ukhrul,25.15316489918411,94.66069928189377,0
NEG_0315,2013-08-16 00:00:00,Upper Siang,28.679558960502025,95.16517863750384,0
NEG_0316,2011-07-01 00:00:00,Upper Siang,29.310451646840942,94.66251718844362,0
NEG_0317,2010-10-08 00:00:00,Upper Subansiri,28.107569651648518,94.15930229539269,0
NEG_0318,2013-05-11 00:00:00,West Garo Hills,25.26745799219892,90.03551715327053,0
NEG_0319,2011-06-28 00:00:00,West Garo Hills,25.690219362435215,89.93561467802851,0
NEG_0320,2014-05-08 00:00:00,West Garo Hills,25.461683920804717,90.18380852985791,0
NEG_0321,2015-08-26 00:00:00,West Garo Hills,25.78371178630759,90.13084533388364,0
NEG_0322,2007-05-23 00:00:00,West Garo Hills,25.486355383062634,90.26056813366624,0
NEG_0323,2015-08-28 01:45:00,West Garo Hills,25.940930887763066,90.28027777076599,0
NEG_0324,2010-10-09 00:00:00,West Garo Hills,25.97033156716129,90.41498194457105,0
NEG_0325,2016-07-10 00:00:00,West Jaintia Hills,25.595623541430246,92.3306806236301,0
NEG_0326,2007-07-30 00:00:00,West Kameng,27.5599025343385,92.52152190974411,0
NEG_0327,2015-02-19 23:00:00,West Kameng,27.092060394055476,92.12567098734449,0
NEG_0328,2007-09-18 00:00:00,West Kameng,27.218248840706938,92.32312522749014,0
NEG_0329,2010-06-03 05:00:00,West Khasi Hills,25.38091143826982,90.77165490069568,0
NEG_0330,2015-06-16 00:00:00,West Khasi Hills,25.619806363418828,91.27974255288922,0
NEG_0331,2015-08-16 00:00:00,West Siang,28.121884204642235,94.57201486222912,0
NEG_0332,2013-06-07 00:00:00,West Tripura,23.769662705441398,91.30789903481858,0
NEG_0333,2015-08-01 00:00:00,Wokha,26.169579782130715,94.17138608839578,0
NEG_0334,2013-05-12 00:00:00,Wokha,26.0591377365208,94.26109291501348,0
NEG_0335,2015-08-01 00:00:00,Wokha,26.000207243737336,94.16795359876828,0
NEG_0336,2011-09-23 00:00:00,Zunheboto,25.927427423097686,94.3711490433543,0
NEG_0337,2013-07-01 00:00:00,Zunheboto,25.895357199060268,94.48689988552948,0
NEG_0338,2010-07-06 00:00:00,Zunheboto,26.132010245065178,94.63829668219424,0
NEG_0339,2010-08-14 00:00:00,Zunheboto,25.9353318741944,94.29805578164287,0
NEG_0340,2007-09-11 00:00:00,Zunheboto,25.84510577620573,94.27156651835004,0
NEG_0341,2013-05-11 09:00:00,Zunheboto,26.05371251150698,94.3919013363764,0
NEG_0342,2013-05-12 00:00:00,Zunheboto,26.042131347538536,94.6143334527487,0
NEG_0343,2010-04-20 00:00:00,Zunheboto,26.134884839621517,94.41062139255862,0
NEG_0344,2010-08-14 00:00:00,Zunheboto,26.16417985045842,94.47469153577639,0
NEG_0345,2011-05-31 14:00:00,Zunheboto,25.985039598557638,94.53328948946631,0
NEG_0346,2013-08-15 00:00:00,Zunheboto,26.09160571987535,94.60257859031653,0
