event_id,event_date,landslide_category,landslide_trigger,landslide_size,landslide_setting,country_name,admin_division_name,longitude,latitude,state_normalized,district,district_state,district_state_code,district_code,district_lgd,state_lgd,rainfall_7d,rainfall_48h,rainfall_24h,average_humidity_24h,soil_moisture,landslide
2164,2010-07-29 23:00:00,landslide,downpour,medium,unknown,India,Manipur,94.48214677,25.3098633,Manipur,Ukhrul,Manipur,14.0,279.0,260.0,14.0,101.0,15.2,12.6,90.08,0.493,1
5122,2013-07-17 00:00:00,mudslide,rain,medium,unknown,India,Nāgāland,93.9413,25.7658,Nagaland,Chumoukedima,Nagaland,13.0,818.0,758.0,13.0,151.9,87.8,75.8,89.17,0.441,1
5123,2013-07-17 00:00:00,mudslide,rain,medium,unknown,India,Nāgāland,94.0885,25.7131,Nagaland,Kohima,Nagaland,13.0,270.0,245.0,13.0,151.9,87.8,75.8,91.71,0.507,1
7370,2015-08-01 00:00:00,landslide,continuous_rain,medium,above_road,India,Manipur,94.1078,24.1419,Manipur,Chandel,Manipur,14.0,280.0,253.0,14.0,491.1,287.6,163.3,99.96,0.479,1
5084,2013-07-12 23:00:00,landslide,downpour,medium,unknown,India,Nāgāland,94.1167,25.616,Nagaland,Kohima,Nagaland,13.0,270.0,245.0,13.0,73.0,16.7,14.6,90.42,0.462,1
2566,2010-10-08 00:00:00,mudslide,downpour,medium,unknown,India,Nāgāland,94.1351,25.4769,Nagaland,Senapati,Manipur,14.0,272.0,257.0,14.0,82.9,43.7,23.1,99.04,0.51,1
1109,2009-08-20 00:00:00,landslide,downpour,medium,unknown,India,Assam,93.1645,25.5215,Assam,Dima Hasao,Assam,18.0,315.0,299.0,18.0,102.0,7.2,3.6,84.04,0.466,1
1961,2010-06-09 14:15:00,landslide,downpour,medium,unknown,India,Meghālaya,91.2,25.8833,Meghalaya,Kamrup,Assam,18.0,321.0,291.0,18.0,143.9,19.2,15.3,94.75,0.463,1
2578,2010-10-09 00:00:00,landslide,downpour,medium,unknown,India,Nāgāland,94.0462,25.3179,Nagaland,Senapati,Manipur,14.0,272.0,257.0,14.0,76.2,47.8,28.1,98.38,0.433,1
322,2007-10-21 00:00:00,landslide,rain,medium,unknown,India,Assam,93.4333,24.75,Assam,Noney,Manipur,14.0,771.0,714.0,14.0,75.2,16.0,10.8,95.75,0.414,1
5552,2013-09-24 00:00:00,landslide,unknown,medium,unknown,India,Manipur,94.3619,25.0985,Manipur,Ukhrul,Manipur,14.0,279.0,260.0,14.0,11.2,1.6,1.5,87.08,0.387,1
7031,2015-05-24 00:00:00,landslide,unknown,medium,above_road,India,Sikkim,88.6586,27.6163,Sikkim,Mangan,Sikkim,11.0,241.0,226.0,11.0,184.5,66.0,21.3,87.88,0.418,1
2025,2010-06-28 00:00:00,landslide,downpour,medium,unknown,India,Meghālaya,91.885,25.5728,Meghalaya,East Khasi Hills,Meghalaya,17.0,298.0,274.0,17.0,287.7,111.2,46.0,92.62,0.478,1
9405,2016-04-19 00:00:00,landslide,continuous_rain,medium,unknown,India,Nagaland,95.0243,26.7223,Nagaland,Mon,Nagaland,13.0,261.0,247.0,13.0,83.0,25.7,22.9,92.42,0.484,1
5343,2013-08-17 23:00:00,landslide,continuous_rain,medium,unknown,India,Assam,93.4341,24.7625,Assam,Noney,Manipur,14.0,771.0,714.0,14.0,82.4,23.1,7.9,94.75,0.415,1
6971,2015-06-09 00:00:00,landslide,continuous_rain,medium,above_road,India,Arunachal Pradesh,93.816,27.0987,Arunachal Pradesh,Papum Pare,Arunachal Pradesh,12.0,248.0,237.0,12.0,148.3,70.1,44.0,94.58,0.439,1
1611,2010-04-01 00:00:00,landslide,downpour,medium,unknown,India,Assam,93.028,25.1553,Assam,Dima Hasao,Assam,18.0,315.0,299.0,18.0,122.3,81.5,20.7,95.67,0.424,1
147,2007-07-30 00:00:00,landslide,downpour,medium,unknown,India,Mizoram,92.899,22.533,Mizoram,Lawngtlai,Mizoram,15.0,287.0,264.0,15.0,57.2,3.5,1.3,87.54,0.402,1
4382,2012-06-03 00:00:00,landslide,downpour,medium,unknown,India,Assam,92.8573,25.1175,Assam,Dima Hasao,Assam,18.0,315.0,299.0,18.0,182.9,138.6,20.9,92.04,0.502,1
1112,2009-08-20 00:00:00,mudslide,downpour,medium,unknown,India,Sikkim,88.5287,27.1761,Sikkim,Gangtok,Sikkim,11.0,244.0,225.0,11.0,499.7,52.9,23.7,96.21,0.436,1
2424,2010-09-13 00:00:00,landslide,downpour,medium,unknown,India,Mizoram,92.9296,23.591,Mizoram,Aizawl,Mizoram,15.0,283.0,261.0,15.0,61.5,18.8,6.5,93.83,0.421,1
78,2007-05-23 00:00:00,landslide,rain,medium,unknown,India,Sikkim,88.6069,27.3383,Sikkim,Gangtok,Sikkim,11.0,244.0,225.0,11.0,73.3,18.6,11.3,90.58,0.436,1
5431,2013-09-01 00:00:00,mudslide,continuous_rain,medium,unknown,India,Assam,93.5063,24.9829,Assam,Tamenglong,Manipur,14.0,273.0,258.0,14.0,81.7,3.0,1.2,89.88,0.398,1
3672,2011-06-29 00:00:00,landslide,downpour,medium,unknown,India,Assam,93.3613,25.5125,Assam,Dima Hasao,Assam,18.0,315.0,299.0,18.0,24.6,11.6,1.7,87.88,0.438,1
2253,2010-08-15 23:00:00,landslide,downpour,medium,unknown,India,Manipur,94.48265093,25.31006064,Manipur,Ukhrul,Manipur,14.0,279.0,260.0,14.0,135.5,28.1,20.5,92.17,0.466,1
1108,2009-08-20 00:00:00,landslide,downpour,medium,unknown,India,Assam,93.5,24.9925,Assam,Tamenglong,Manipur,14.0,273.0,258.0,14.0,84.0,14.8,6.9,94.62,0.421,1
6105,2014-06-26 23:00:00,landslide,continuous_rain,medium,above_road,India,Arunachal Pradesh,95.3429,28.9205,Arunachal Pradesh,Dibang Valley,Arunachal Pradesh,12.0,257.0,230.0,12.0,156.5,40.9,14.4,94.38,0.425,1
9168,2016-06-12 23:00:00,landslide,downpour,medium,above_road,India,Arunachal Pradesh,93.871,27.6438,Arunachal Pradesh,Lower Subansiri,Arunachal Pradesh,12.0,255.0,236.0,12.0,146.0,26.3,12.7,89.83,0.424,1
3560,2011-05-31 14:30:00,landslide,downpour,medium,unknown,India,Manipur,93.5935,24.8286,Manipur,Noney,Manipur,14.0,771.0,714.0,14.0,84.9,44.0,26.2,96.79,0.454,1
587,2008-06-15 00:00:00,landslide,downpour,medium,unknown,India,Assam,94.0989,27.2298,Assam,Lakhimpur,Assam,18.0,307.0,295.0,18.0,135.0,69.8,40.2,91.25,0.405,1
8012,2015-09-06 15:00:00,landslide,unknown,medium,above_road,India,Meghalaya,91.8584,25.9703,Meghalaya,Ri Bhoi,Meghalaya,17.0,297.0,276.0,17.0,465.3,45.9,3.5,89.25,0.468,1
7335,2015-08-18 09:00:00,landslide,continuous_rain,medium,urban,India,Meghalaya,90.2023,25.5145,Meghalaya,West Garo Hills,Meghalaya,17.0,293.0,278.0,17.0,84.1,36.8,28.2,92.46,0.443,1
141,2007-07-26 00:00:00,landslide,rain,medium,unknown,India,Meghālaya,91.88,25.38,Meghalaya,East Khasi Hills,Meghalaya,17.0,298.0,274.0,17.0,350.9,131.4,85.5,97.96,0.492,1
3983,2011-09-23 00:00:00,landslide,downpour,large,unknown,India,Assam,91.7351,26.1548,Assam,Kamrup Metro,Assam,18.0,322.0,618.0,18.0,151.2,57.0,32.2,92.58,0.492,1
148,2007-07-30 00:00:00,landslide,downpour,medium,unknown,India,Mizoram,92.967,22.479,Mizoram,Siaha,Mizoram,15.0,288.0,267.0,15.0,57.2,3.5,1.3,87.21,0.4,1
1775,2010-04-21 00:00:00,landslide,downpour,medium,unknown,India,Arunāchal Pradesh,96.1779,27.8965,Arunachal Pradesh,Lohit,Arunachal Pradesh,12.0,259.0,234.0,12.0,209.7,77.7,39.8,87.62,0.492,1
3663,2011-06-28 00:00:00,landslide,downpour,medium,unknown,India,Nāgāland,94.1099,25.6682,Nagaland,Kohima,Nagaland,13.0,270.0,245.0,13.0,108.8,48.8,29.2,94.46,0.494,1
7385,2015-08-01 00:00:00,landslide,continuous_rain,medium,unknown,India,Manipur,93.9815,24.004,Manipur,Chandel,Manipur,14.0,280.0,253.0,14.0,640.9,415.0,212.5,99.96,0.431,1
2575,2010-10-09 00:00:00,landslide,downpour,medium,unknown,India,Assam,92.9914,25.5242,Assam,Dima Hasao,Assam,18.0,315.0,299.0,18.0,106.0,80.6,50.4,98.75,0.437,1
3840,2011-07-25 00:00:00,landslide,downpour,medium,unknown,India,Manipur,93.9157,24.6869,Manipur,Thoubal,Manipur,14.0,276.0,259.0,14.0,93.2,5.6,5.3,86.42,0.451,1
6015,2014-05-08 00:00:00,mudslide,rain,medium,above_road,India,Arunachal Pradesh,96.174,27.9032,Arunachal Pradesh,Lohit,Arunachal Pradesh,12.0,259.0,234.0,12.0,37.7,28.7,27.8,82.38,0.503,1
3741,2011-07-07 00:00:00,landslide,rain,medium,unknown,India,Nāgāland,94.1079,25.4191,Nagaland,Senapati,Manipur,14.0,272.0,257.0,14.0,122.0,21.7,7.7,89.92,0.488,1
2106,2010-07-20 00:00:00,landslide,downpour,medium,unknown,India,Nāgāland,94.9921,26.8716,Nagaland,Mon,Nagaland,13.0,261.0,247.0,13.0,168.9,78.1,41.1,90.38,0.506,1
9051,2016-07-19 09:00:00,landslide,unknown,medium,natural_slope,India,Meghalaya,91.8744337,26.09748244,Meghalaya,Ri Bhoi,Meghalaya,17.0,297.0,276.0,17.0,197.7,74.1,34.3,94.75,0.479,1
870,2008-10-29 00:00:00,mudslide,downpour,medium,unknown,India,Arunāchal Pradesh,92.35,27.4,Arunachal Pradesh,West Kameng,Arunachal Pradesh,12.0,246.0,242.0,12.0,132.9,110.6,13.2,95.08,0.419,1
2392,2010-09-04 00:00:00,landslide,downpour,medium,unknown,India,Sikkim,88.7334,27.3702,Sikkim,Gangtok,Sikkim,11.0,244.0,225.0,11.0,135.7,28.2,15.6,94.42,0.427,1
3830,2011-07-22 00:00:00,landslide,downpour,small,unknown,India,Manipur,94.3429,24.3527,Manipur,Tengnoupal,Manipur,14.0,769.0,716.0,14.0,174.2,47.9,14.5,99.46,0.444,1
4906,2013-06-07 00:00:00,landslide,unknown,medium,unknown,India,Nāgāland,94.7499,26.0977,Nagaland,Tuensang,Nagaland,13.0,267.0,249.0,13.0,26.4,9.1,6.1,88.67,0.508,1
3269,2011-03-22 00:00:00,landslide,downpour,medium,unknown,India,Arunāchal Pradesh,96.5242,28.0791,Arunachal Pradesh,Anjaw,Arunachal Pradesh,12.0,260.0,628.0,12.0,229.0,167.5,99.6,93.21,0.426,1
1755,2010-04-17 15:00:00,landslide,downpour,small,unknown,India,Sikkim,88.6083,27.3341,Sikkim,Gangtok,Sikkim,11.0,244.0,225.0,11.0,32.9,3.7,1.9,76.21,0.383,1
6990,2015-06-24 00:00:00,landslide,continuous_rain,medium,above_road,India,Nagaland,94.5466,26.0319,Nagaland,Zunheboto,Nagaland,13.0,263.0,251.0,13.0,111.5,67.2,33.0,92.54,0.513,1
6222,2014-10-01 11:00:00,landslide,unknown,small,above_road,India,Arunachal Pradesh,93.7706,27.1249,Arunachal Pradesh,Papum Pare,Arunachal Pradesh,12.0,248.0,237.0,12.0,64.8,1.0,0.0,77.96,0.36,1
9169,2016-06-12 00:00:00,landslide,continuous_rain,unknown,above_road,India,Nagaland,94.2442,26.1677,Nagaland,Wokha,Nagaland,13.0,264.0,250.0,13.0,103.7,63.5,8.3,84.88,0.473,1
4435,2012-06-25 00:00:00,landslide,downpour,large,unknown,India,Arunāchal Pradesh,95.8011,27.174,Arunachal Pradesh,Changlang,Arunachal Pradesh,12.0,253.0,229.0,12.0,220.4,62.2,41.1,93.04,0.52,1
4313,2012-04-08 00:00:00,landslide,downpour,medium,unknown,India,Arunāchal Pradesh,95.86,28.4659,Arunachal Pradesh,Dibang Valley,Arunachal Pradesh,12.0,257.0,230.0,12.0,120.9,79.0,26.3,85.92,0.428,1
2344,2010-08-27 16:30:00,landslide,downpour,medium,unknown,India,Assam,93.4221,24.7505,Assam,Noney,Manipur,14.0,771.0,714.0,14.0,68.2,19.4,7.6,93.46,0.414,1
7263,2015-07-22 00:00:00,landslide,continuous_rain,medium,above_road,India,Manipur,94.0489,25.4477,Manipur,Senapati,Manipur,14.0,272.0,257.0,14.0,178.5,66.8,31.1,97.46,0.425,1
5271,2013-08-04 00:00:00,landslide,continuous_rain,medium,unknown,India,Nāgāland,94.5808,26.284,Nagaland,Tuensang,Nagaland,13.0,267.0,249.0,13.0,68.2,20.7,3.8,90.21,0.497,1
4424,2012-06-20 00:00:00,landslide,downpour,medium,unknown,India,Assam,91.7351,26.149,Assam,Kamrup Metro,Assam,18.0,322.0,618.0,18.0,109.2,44.3,30.8,87.67,0.443,1
3525,2011-05-22 00:00:00,landslide,downpour,medium,unknown,India,Assam,93.4093,25.0672,Assam,Tamenglong,Manipur,14.0,273.0,258.0,14.0,92.9,41.9,17.4,99.83,0.426,1
7369,2015-08-01 00:00:00,landslide,continuous_rain,medium,above_road,India,Manipur,94.1016,24.1988,Manipur,Chandel,Manipur,14.0,280.0,253.0,14.0,491.1,287.6,163.3,99.96,0.44,1
4892,2013-06-01 00:00:00,landslide,downpour,large,unknown,India,Arunāchal Pradesh,94.25,27.8776,Arunachal Pradesh,Upper Subansiri,Arunachal Pradesh,12.0,249.0,241.0,12.0,116.9,46.1,24.2,92.04,0.421,1
4377,2012-06-02 00:00:00,landslide,downpour,large,unknown,India,Assam,91.7356,26.1475,Assam,Kamrup Metro,Assam,18.0,322.0,618.0,18.0,77.2,41.6,12.2,89.46,0.476,1
5430,2013-09-01 00:00:00,mudslide,continuous_rain,medium,unknown,India,Manipur,93.487,24.9037,Manipur,Tamenglong,Manipur,14.0,273.0,258.0,14.0,81.7,3.0,1.2,89.5,0.398,1
7264,2015-07-22 00:00:00,landslide,continuous_rain,medium,above_road,India,Manipur,93.9827,25.4538,Manipur,Senapati,Manipur,14.0,272.0,257.0,14.0,178.5,66.8,31.1,98.12,0.444,1
5006,2013-07-01 00:00:00,landslide,downpour,medium,unknown,India,Nāgāland,94.3864,26.1147,Nagaland,Wokha,Nagaland,13.0,264.0,250.0,13.0,108.0,45.0,29.7,88.5,0.518,1
256,2007-09-10 00:00:00,landslide,rain,medium,unknown,India,Sikkim,88.6236,27.3425,Sikkim,Gangtok,Sikkim,11.0,244.0,225.0,11.0,441.1,138.6,78.5,98.92,0.42,1
9335,2016-05-18 08:00:00,landslide,continuous_rain,unknown,unknown,India,Assam,92.7239,24.5202,Assam,Hailakandi,Assam,18.0,318.0,289.0,18.0,81.8,28.5,23.0,85.88,0.423,1
7279,2015-07-24 00:00:00,mudslide,monsoon,medium,other,India,Manipur,93.5142,24.9818,Manipur,Tamenglong,Manipur,14.0,273.0,258.0,14.0,190.2,78.5,19.1,95.33,0.43,1
6288,2014-09-22 00:00:00,landslide,rain,small,unknown,India,Assam,91.7998,26.1985,Assam,Kamrup Metro,Assam,18.0,322.0,618.0,18.0,128.7,86.3,27.7,92.29,0.48,1
5087,2013-07-12 00:00:00,landslide,downpour,medium,unknown,India,Nāgāland,94.1139,25.6269,Nagaland,Kohima,Nagaland,13.0,270.0,245.0,13.0,69.4,12.0,9.6,90.46,0.462,1
258,2007-09-11 00:00:00,landslide,rain,medium,unknown,India,Manipur,94.0564,24.4279,Manipur,Chandel,Manipur,14.0,280.0,253.0,14.0,130.6,4.9,1.9,90.0,0.434,1
5338,2013-08-16 00:00:00,landslide,rain,medium,unknown,India,Assam,94.9275,26.8727,Assam,Mon,Nagaland,13.0,261.0,247.0,13.0,117.4,39.8,27.6,85.79,0.467,1
2411,2010-09-10 00:00:00,landslide,downpour,medium,unknown,India,Arunāchal Pradesh,93.7273,27.0011,Arunachal Pradesh,Lakhimpur,Assam,18.0,307.0,295.0,18.0,96.0,32.7,15.5,91.62,0.422,1
6143,2014-07-14 18:00:00,landslide,downpour,medium,unknown,India,Mizoram,92.7463,23.7327,Mizoram,Aizawl,Mizoram,15.0,283.0,261.0,15.0,115.9,73.0,47.0,92.96,0.423,1
4908,2013-06-08 17:00:00,landslide,downpour,medium,unknown,India,Sikkim,88.708,27.3721,Sikkim,Gangtok,Sikkim,11.0,244.0,225.0,11.0,86.9,32.8,13.6,95.42,0.424,1
9124,2016-07-19 00:00:00,translational_slide,continuous_rain,large,natural_slope,India,Meghalaya,90.5573,25.203,Meghalaya,South Garo Hills,Meghalaya,17.0,295.0,277.0,17.0,159.3,80.4,39.1,96.96,0.448,1
2282,2010-08-19 06:30:00,landslide,downpour,medium,unknown,India,Nāgāland,94.8158,26.1984,Nagaland,Tuensang,Nagaland,13.0,267.0,249.0,13.0,124.1,20.5,15.5,92.29,0.5,1
9338,2016-05-18 08:00:00,landslide,continuous_rain,medium,natural_slope,India,Assam,92.4943,24.4638,Assam,Sribhumi,Assam,18.0,317.0,293.0,18.0,93.7,38.7,30.7,87.79,0.427,1
2421,2010-09-13 09:00:00,landslide,downpour,medium,above_road,India,Mizoram,92.74128531,23.75406693,Mizoram,Aizawl,Mizoram,15.0,283.0,261.0,15.0,41.7,9.4,5.3,92.96,0.411,1
2249,2010-08-14 00:00:00,landslide,downpour,medium,unknown,India,Nāgāland,94.803,26.0814,Nagaland,Tuensang,Nagaland,13.0,267.0,249.0,13.0,53.5,20.7,12.4,89.96,0.51,1
8901,2016-07-10 00:00:00,landslide,downpour,medium,above_road,India,Nagaland,94.1318,25.7902,Nagaland,Kohima,Nagaland,13.0,270.0,245.0,13.0,130.0,5.4,3.6,87.38,0.435,1
2283,2010-08-19 00:00:00,mudslide,downpour,medium,unknown,India,Manipur,93.4957,24.8961,Manipur,Tamenglong,Manipur,14.0,273.0,258.0,14.0,125.1,8.7,4.6,95.54,0.416,1
6016,2014-05-09 23:00:00,landslide,rain,small,unknown,India,Assam,92.3576,24.8669,Assam,Sribhumi,Assam,18.0,317.0,293.0,18.0,176.0,106.2,65.9,95.38,0.466,1
215,2007-08-28 00:00:00,landslide,rain,medium,unknown,India,Nāgāland,93.9136,25.7428,Nagaland,Chumoukedima,Nagaland,13.0,818.0,758.0,13.0,142.2,102.1,61.9,91.5,0.479,1
7780,2015-08-26 00:00:00,landslide,continuous_rain,medium,above_road,India,Mizoram,92.7878,23.3572,Mizoram,Aizawl,Mizoram,15.0,283.0,261.0,15.0,106.6,14.2,5.2,91.08,0.412,1
2281,2010-08-19 18:00:00,landslide,downpour,medium,above_road,India,Nāgāland,94.11603493,25.61560252,Nagaland,Kohima,Nagaland,13.0,270.0,245.0,13.0,73.1,11.2,8.1,91.62,0.449,1
1996,2010-06-17 19:30:00,landslide,downpour,medium,unknown,India,Nāgāland,94.8833,26.4333,Nagaland,Longleng,Nagaland,13.0,268.0,615.0,13.0,103.2,23.2,9.2,85.96,0.492,1
6283,2014-09-22 00:00:00,landslide,rain,small,unknown,India,Assam,91.7548,26.1314,Assam,Kamrup Metro,Assam,18.0,322.0,618.0,18.0,128.7,86.3,27.7,92.58,0.469,1
8930,2016-07-11 23:00:00,landslide,unknown,large,unknown,India,Nagaland,94.4922,26.1699,Nagaland,Zunheboto,Nagaland,13.0,263.0,251.0,13.0,130.2,26.9,13.6,92.21,0.51,1
869,2008-10-29 00:00:00,landslide,downpour,medium,unknown,India,Assam,94.1167,27.2333,Assam,Lakhimpur,Assam,18.0,307.0,295.0,18.0,45.7,37.2,0.8,85.67,0.366,1
285,2007-09-29 00:00:00,landslide,rain,medium,unknown,India,Mizoram,92.6921,24.1293,Mizoram,Kolasib,Mizoram,15.0,282.0,263.0,15.0,27.3,16.1,5.5,90.04,0.397,1
3662,2011-06-28 00:00:00,landslide,rain,medium,below_road,India,Manipur,94.0144205,25.03561729,Manipur,Imphal East,Manipur,14.0,278.0,255.0,14.0,41.0,15.4,8.2,93.92,0.501,1
5427,2013-08-15 00:00:00,landslide,downpour,medium,unknown,India,Nāgāland,94.1884,25.3833,Nagaland,Senapati,Manipur,14.0,272.0,257.0,14.0,147.6,33.7,19.8,97.46,0.505,1
8339,2015-09-23 00:00:00,landslide,continuous_rain,medium,above_road,India,Assam,91.7042,26.1666,Assam,Kamrup Metro,Assam,18.0,322.0,618.0,18.0,151.8,46.3,22.6,95.33,0.452,1
4905,2013-06-07 00:00:00,landslide,unknown,medium,unknown,India,Nāgāland,94.7031,26.0977,Nagaland,Tuensang,Nagaland,13.0,267.0,249.0,13.0,26.4,9.1,6.1,88.58,0.508,1
9186,2016-07-25 12:30:00,landslide,continuous_rain,medium,above_road,India,Manipur,94.1383,25.48,Manipur,Senapati,Manipur,14.0,272.0,257.0,14.0,73.6,28.1,22.0,99.5,0.503,1
5107,2013-07-15 00:00:00,landslide,rain,medium,unknown,India,Nāgāland,94.1139,25.6269,Nagaland,Kohima,Nagaland,13.0,270.0,245.0,13.0,84.8,25.0,14.4,91.79,0.48,1
7253,2015-07-22 00:00:00,landslide,continuous_rain,medium,urban,India,Assam,92.9974,24.7979,Assam,Cachar,Assam,18.0,316.0,282.0,18.0,349.8,103.1,48.3,87.62,0.501,1
6286,2014-09-22 00:00:00,landslide,rain,small,unknown,India,Assam,91.7082,26.1044,Assam,Kamrup Metro,Assam,18.0,322.0,618.0,18.0,141.0,103.7,29.6,92.62,0.472,1
594,2008-06-19 00:00:00,mudslide,monsoon,medium,unknown,India,Manipur,93.8275,24.9336,Manipur,Kangpokpi,Manipur,14.0,767.0,712.0,14.0,60.6,24.5,6.9,91.83,0.493,1
5337,2013-08-16 00:00:00,landslide,rain,medium,unknown,India,Nāgāland,94.9731,26.4205,Nagaland,Mon,Nagaland,13.0,261.0,247.0,13.0,82.8,21.9,12.8,89.29,0.48,1
3881,2011-08-05 00:00:00,landslide,downpour,medium,unknown,India,Arunāchal Pradesh,93.6885,27.1034,Arunachal Pradesh,Papum Pare,Arunachal Pradesh,12.0,248.0,237.0,12.0,57.7,39.7,23.8,94.29,0.43,1
3925,2011-08-15 00:00:00,landslide,downpour,medium,unknown,India,Arunāchal Pradesh,93.0153,27.4888,Arunachal Pradesh,East Kameng,Arunachal Pradesh,12.0,247.0,231.0,12.0,129.8,44.3,25.2,96.62,0.43,1
7383,2015-08-01 00:00:00,landslide,rain,medium,unknown,India,Manipur,94.1434,23.899,Manipur,Chandel,Manipur,14.0,280.0,253.0,14.0,750.4,433.2,198.8,99.96,0.489,1
8900,2016-07-07 00:00:00,landslide,monsoon,large,above_road,India,Manipur,94.3136,25.0118,Manipur,Ukhrul,Manipur,14.0,279.0,260.0,14.0,160.1,22.1,5.3,88.0,0.421,1
4757,2013-02-18 00:00:00,landslide,rain,medium,unknown,India,Arunāchal Pradesh,95.1645,28.1193,Arunachal Pradesh,Siang,Arunachal Pradesh,12.0,764.0,679.0,12.0,11.3,11.3,11.2,82.04,0.398,1
7666,2015-08-11 00:00:00,landslide,continuous_rain,medium,unknown,India,Manipur,93.3729,25.1019,Manipur,Tamenglong,Manipur,14.0,273.0,258.0,14.0,68.6,31.3,23.8,98.29,0.495,1
2113,2010-07-21 08:00:00,landslide,downpour,medium,unknown,India,Sikkim,88.559,27.3773,Sikkim,Mangan,Sikkim,11.0,241.0,226.0,11.0,263.1,72.8,29.7,97.54,0.434,1
2045,2010-07-06 00:00:00,mudslide,monsoon,medium,unknown,India,Nāgāland,94.8133,26.2363,Nagaland,Tuensang,Nagaland,13.0,267.0,249.0,13.0,98.3,13.8,4.1,88.12,0.503,1
7701,2015-08-19 15:00:00,landslide,continuous_rain,medium,above_road,India,Nagaland,94.1051,25.6278,Nagaland,Kohima,Nagaland,13.0,270.0,245.0,13.0,52.5,9.9,3.7,86.83,0.473,1
2422,2010-09-13 00:00:00,landslide,downpour,medium,urban,India,Mizoram,92.7141905,23.74182634,Mizoram,Aizawl,Mizoram,15.0,283.0,261.0,15.0,41.7,9.4,5.3,93.08,0.413,1
6513,2014-08-14 23:00:00,mudslide,downpour,medium,unknown,India,Tripura,91.7174,23.0137,Tripura,South Tripura,Tripura,16.0,290.0,271.0,16.0,78.1,26.6,14.3,93.25,0.492,1
4990,2013-06-27 23:00:00,landslide,downpour,medium,unknown,India,Sikkim,88.7628,27.3765,Sikkim,Gangtok,Sikkim,11.0,244.0,225.0,11.0,177.9,59.2,32.7,97.04,0.422,1
2248,2010-08-14 00:00:00,landslide,downpour,medium,unknown,India,Nāgāland,94.9152,26.222,Nagaland,Noklak,Nagaland,13.0,792.0,736.0,13.0,106.2,33.9,25.6,92.96,0.45,1
5268,2013-08-04 00:00:00,landslide,continuous_rain,medium,unknown,India,Nāgāland,94.5163,26.0137,Nagaland,Zunheboto,Nagaland,13.0,263.0,251.0,13.0,34.4,12.5,1.3,89.46,0.46,1
6106,2014-06-26 23:00:00,landslide,continuous_rain,small,unknown,India,Assam,91.7645,26.1407,Assam,Kamrup Metro,Assam,18.0,322.0,618.0,18.0,222.3,8.8,3.7,87.58,0.482,1
3965,2011-09-06 08:00:00,landslide,rain,medium,unknown,India,Assam,93.117,24.808,Assam,Jiribam,Manipur,14.0,766.0,713.0,14.0,82.7,36.5,20.2,90.08,0.428,1
6969,2015-06-16 06:15:00,landslide,downpour,medium,urban,India,Meghalaya,90.215,25.5114,Meghalaya,West Garo Hills,Meghalaya,17.0,293.0,278.0,17.0,301.9,32.8,21.7,94.0,0.509,1
2044,2010-07-06 00:00:00,mudslide,monsoon,medium,unknown,India,Nāgāland,94.7861,25.8877,Nagaland,Kiphire,Nagaland,13.0,269.0,614.0,13.0,90.3,16.5,3.8,87.88,0.494,1
2587,2010-10-10 06:00:00,landslide,downpour,medium,unknown,India,Nāgāland,94.1072,25.6623,Nagaland,Kohima,Nagaland,13.0,270.0,245.0,13.0,99.4,45.2,18.4,92.71,0.474,1
8684,2016-07-07 00:00:00,landslide,continuous_rain,medium,retaining_wall,India,Assam,91.3681,25.9611,Assam,Kamrup,Assam,18.0,321.0,291.0,18.0,390.3,144.7,73.2,92.25,0.473,1
1596,2010-03-27 20:00:00,mudslide,downpour,medium,unknown,India,Manipur,93.9161,24.7339,Manipur,Imphal West,Manipur,14.0,277.0,256.0,14.0,0.0,0.0,0.0,61.21,0.168,1
1771,2010-04-20 00:00:00,landslide,downpour,medium,unknown,India,Assam,91.7665,26.1978,Assam,Kamrup Metro,Assam,18.0,322.0,618.0,18.0,132.9,55.1,24.8,95.17,0.479,1
7364,2015-07-31 09:00:00,landslide,continuous_rain,medium,below_road,India,Manipur,94.3551,24.819,Manipur,Kamjong,Manipur,14.0,770.0,717.0,14.0,249.1,96.9,64.0,99.75,0.429,1
6968,2015-06-13 00:00:00,landslide,continuous_rain,medium,unknown,India,Meghalaya,92.2121,25.463,Meghalaya,West Jaintia Hills,Meghalaya,17.0,299.0,275.0,17.0,389.3,270.4,165.8,98.29,0.461,1
7373,2015-08-01 00:00:00,landslide,continuous_rain,medium,above_road,India,Manipur,94.4759,24.9111,Manipur,Kamjong,Manipur,14.0,770.0,717.0,14.0,243.2,110.3,61.1,99.83,0.428,1
4570,2012-09-19 00:00:00,landslide,downpour,medium,unknown,India,Arunāchal Pradesh,95.2253,27.8458,Arunachal Pradesh,East Siang,Arunachal Pradesh,12.0,251.0,232.0,12.0,198.2,51.8,22.9,92.58,0.515,1
1935,2010-06-03 00:00:00,landslide,downpour,medium,unknown,India,Tripura,91.7599,23.8986,Tripura,Khowai,Tripura,16.0,708.0,652.0,16.0,130.0,8.0,4.3,82.54,0.41,1
2577,2010-10-09 00:00:00,landslide,downpour,medium,unknown,India,Nāgāland,93.8673,25.5265,Nagaland,Senapati,Manipur,14.0,272.0,257.0,14.0,82.1,46.0,27.1,98.0,0.431,1
7276,2015-07-25 09:00:00,landslide,continuous_rain,medium,natural_slope,India,Assam,91.8717,26.1062,Assam,Kamrup Metro,Assam,18.0,322.0,618.0,18.0,316.5,92.7,19.0,92.25,0.48,1
2576,2010-10-09 00:00:00,landslide,downpour,medium,unknown,India,Nāgāland,94.1399,25.4788,Nagaland,Senapati,Manipur,14.0,272.0,257.0,14.0,91.5,47.2,24.1,98.29,0.458,1
6293,2014-10-20 00:00:00,landslide,rain,medium,unknown,India,Meghalaya,90.0896,25.5006,Meghalaya,South West Garo Hills,Meghalaya,17.0,711.0,663.0,17.0,11.6,0.3,0.3,78.67,0.438,1
4858,2013-05-11 09:00:00,landslide,rain,medium,unknown,India,Assam,91.7138,26.1662,Assam,Kamrup Metro,Assam,18.0,322.0,618.0,18.0,64.4,29.9,19.4,86.17,0.472,1
5269,2013-08-04 00:00:00,landslide,continuous_rain,medium,unknown,India,Nāgāland,94.5234,25.8376,Nagaland,Zunheboto,Nagaland,13.0,263.0,251.0,13.0,23.4,10.8,1.2,86.54,0.474,1
5270,2013-08-04 00:00:00,landslide,continuous_rain,medium,unknown,India,Nāgāland,94.4619,26.0481,Nagaland,Zunheboto,Nagaland,13.0,263.0,251.0,13.0,34.4,12.5,1.3,88.0,0.466,1
6284,2014-09-22 00:00:00,landslide,rain,small,unknown,India,Assam,91.8342,26.1324,Assam,Kamrup Metro,Assam,18.0,322.0,618.0,18.0,128.7,86.3,27.7,92.58,0.469,1
4394,2012-06-07 04:30:00,landslide,rain,large,unknown,India,Sikkim,88.6458,27.1748,Sikkim,Pakyong,Sikkim,11.0,801.0,741.0,11.0,107.8,3.3,1.6,79.0,0.374,1
9251,2016-07-28 23:00:00,landslide,downpour,medium,retaining_wall,India,Nagaland,94.7844,25.8702,Nagaland,Kiphire,Nagaland,13.0,269.0,614.0,13.0,132.3,10.3,3.8,89.88,0.484,1
7699,2015-08-19 00:00:00,landslide,continuous_rain,medium,unknown,India,Nagaland,94.5224,26.0214,Nagaland,Zunheboto,Nagaland,13.0,263.0,251.0,13.0,62.9,20.3,10.3,88.92,0.493,1
7664,2015-08-11 00:00:00,landslide,continuous_rain,medium,unknown,India,Manipur,93.4251,24.7459,Manipur,Noney,Manipur,14.0,771.0,714.0,14.0,94.9,20.3,11.6,96.67,0.419,1
7589,2015-08-19 00:00:00,landslide,rain,medium,above_road,India,Meghalaya,92.3825,25.2568,Meghalaya,East Jaintia Hills,Meghalaya,17.0,714.0,657.0,17.0,185.5,92.7,56.7,97.79,0.463,1
7887,2015-08-16 00:00:00,landslide,continuous_rain,medium,above_road,India,Arunachal Pradesh,96.9262,27.8835,Arunachal Pradesh,Anjaw,Arunachal Pradesh,12.0,260.0,628.0,12.0,53.2,21.0,11.6,95.67,0.42,1
9404,2016-05-01 00:00:00,landslide,downpour,medium,above_road,India,Arunachal Pradesh,96.5316,28.0822,Arunachal Pradesh,Anjaw,Arunachal Pradesh,12.0,260.0,628.0,12.0,127.5,13.9,5.2,69.62,0.423,1
6287,2014-09-22 00:00:00,landslide,rain,small,unknown,India,Assam,91.7056,26.1295,Assam,Kamrup Metro,Assam,18.0,322.0,618.0,18.0,128.7,86.3,27.7,92.62,0.472,1
2296,2010-08-20 00:00:00,complex,downpour,medium,unknown,India,Sikkim,88.3652,27.167,Sikkim,Namchi,Sikkim,11.0,243.0,227.0,11.0,265.2,58.5,30.4,99.12,0.439,1
2304,2010-08-21 18:00:00,landslide,downpour,medium,unknown,India,Nāgāland,94.1211,25.5718,Nagaland,Kohima,Nagaland,13.0,270.0,245.0,13.0,70.9,26.6,14.4,92.75,0.503,1
5273,2013-08-04 00:00:00,landslide,monsoon,medium,unknown,India,Nāgāland,94.5497,26.1807,Nagaland,Zunheboto,Nagaland,13.0,263.0,251.0,13.0,68.2,20.7,3.8,90.04,0.492,1
1125,2009-08-26 00:00:00,landslide,rain,medium,unknown,India,Sikkim,88.7648,27.3746,Sikkim,Gangtok,Sikkim,11.0,244.0,225.0,11.0,173.5,44.7,16.5,93.25,0.43,1
8995,2016-07-14 00:00:00,landslide,monsoon,small,unknown,India,Assam,91.8074,26.1963,Assam,Kamrup Metro,Assam,18.0,322.0,618.0,18.0,135.9,24.4,10.3,88.42,0.46,1
2567,2010-10-08 00:00:00,complex,downpour,medium,unknown,India,Manipur,94.4703,25.6633,Manipur,Meluri,Nagaland,13.0,847.0,788.0,13.0,60.4,38.9,23.7,93.46,0.496,1
6285,2014-09-22 00:00:00,landslide,rain,small,above_road,India,Assam,91.8178,26.159,Assam,Kamrup Metro,Assam,18.0,322.0,618.0,18.0,128.7,86.3,27.7,92.33,0.48,1
868,2008-10-29 00:00:00,landslide,downpour,medium,unknown,India,Assam,91.25,26.3333,Assam,Barpeta,Assam,18.0,303.0,280.0,18.0,69.7,63.2,0.0,84.38,0.464,1
5005,2013-07-01 00:00:00,landslide,downpour,medium,unknown,India,Nāgāland,95.029,26.72,Nagaland,Mon,Nagaland,13.0,261.0,247.0,13.0,129.7,43.8,33.4,90.33,0.493,1
3860,2011-07-29 00:00:00,landslide,rain,medium,unknown,India,Nāgāland,94.108,25.4192,Nagaland,Senapati,Manipur,14.0,272.0,257.0,14.0,106.0,17.8,14.8,91.88,0.497,1
5476,2013-09-07 15:00:00,landslide,rain,medium,unknown,India,Sikkim,88.7323,27.3736,Sikkim,Gangtok,Sikkim,11.0,244.0,225.0,11.0,161.2,34.5,13.4,90.5,0.42,1
1127,2009-08-27 00:00:00,landslide,downpour,medium,unknown,India,Assam,93.123,25.1718,Assam,Dima Hasao,Assam,18.0,315.0,299.0,18.0,115.8,13.2,9.1,88.58,0.474,1
5603,2013-10-13 19:30:00,mudslide,downpour,medium,unknown,India,Manipur,94.6024,25.426,Manipur,Ukhrul,Manipur,14.0,279.0,260.0,14.0,62.6,0.1,0.1,73.38,0.373,1
2042,2010-07-06 00:00:00,mudslide,monsoon,medium,unknown,India,Nāgāland,94.5238,26.0093,Nagaland,Zunheboto,Nagaland,13.0,263.0,251.0,13.0,119.3,18.2,3.9,86.54,0.472,1
5442,2013-09-02 00:00:00,landslide,downpour,large,unknown,India,Arunāchal Pradesh,93.7525,27.1614,Arunachal Pradesh,Papum Pare,Arunachal Pradesh,12.0,248.0,237.0,12.0,95.5,24.3,12.1,94.25,0.441,1
7933,2015-09-01 00:00:00,rock_fall,rain,medium,unknown,India,Assam,91.6739,26.1868,Assam,Kamrup,Assam,18.0,321.0,291.0,18.0,216.0,96.7,86.9,96.58,0.449,1
3637,2011-06-21 00:00:00,landslide,rain,medium,deforested_slope,India,Nāgāland,94.2341227,25.51614662,Nagaland,Phek,Nagaland,13.0,266.0,248.0,13.0,118.2,35.7,20.8,90.17,0.472,1
3837,2011-07-24 12:30:00,landslide,downpour,medium,unknown,India,Assam,93.0038,26.5836,Assam,Nagaon,Assam,18.0,305.0,297.0,18.0,218.7,48.6,9.9,87.46,0.514,1
220,2007-08-31 00:00:00,landslide,rain,medium,unknown,India,Manipur,93.9667,25.1333,Manipur,Kangpokpi,Manipur,14.0,767.0,712.0,14.0,127.4,22.6,5.1,85.83,0.479,1
212,2007-08-26 00:00:00,complex,rain,medium,unknown,India,Meghālaya,91.8506,25.5576,Meghalaya,East Khasi Hills,Meghalaya,17.0,298.0,274.0,17.0,59.5,13.6,4.2,91.12,0.491,1
7372,2015-07-31 23:00:00,mudslide,continuous_rain,medium,above_road,India,Manipur,94.3415,25.0634,Manipur,Ukhrul,Manipur,14.0,279.0,260.0,14.0,152.2,67.9,40.5,99.92,0.417,1
2570,2010-10-08 00:00:00,landslide,downpour,medium,unknown,India,Manipur,93.9128,24.837,Manipur,Imphal West,Manipur,14.0,277.0,256.0,14.0,48.3,41.1,22.5,95.83,0.511,1
126,2007-07-16 00:00:00,mudslide,rain,medium,unknown,India,Sikkim,88.38,27.1499,Sikkim,Namchi,Sikkim,11.0,243.0,227.0,11.0,286.5,26.0,8.6,91.12,0.405,1
1168,2009-09-17 00:00:00,landslide,rain,medium,unknown,India,Sikkim,88.6115,27.1954,Sikkim,Pakyong,Sikkim,11.0,801.0,741.0,11.0,117.2,13.0,7.4,89.0,0.399,1
3806,2011-07-19 00:00:00,landslide,downpour,medium,unknown,India,Arunāchal Pradesh,93.6884,27.1032,Arunachal Pradesh,Papum Pare,Arunachal Pradesh,12.0,248.0,237.0,12.0,176.6,49.7,38.9,96.46,0.419,1
2026,2010-06-28 00:00:00,landslide,downpour,medium,unknown,India,Meghālaya,91.2698,25.4916,Meghalaya,West Khasi Hills,Meghalaya,17.0,296.0,279.0,17.0,329.8,177.9,83.6,95.46,0.496,1
714,2008-08-14 00:00:00,landslide,rain,medium,unknown,India,Assam,94.0,27.163,Assam,Lakhimpur,Assam,18.0,307.0,295.0,18.0,142.3,18.8,10.2,85.46,0.401,1
6110,2014-06-27 00:00:00,landslide,rain,small,unknown,India,Assam,91.7697,26.1619,Assam,Kamrup Metro,Assam,18.0,322.0,618.0,18.0,216.0,31.5,27.8,87.21,0.472,1
247,2007-09-08 00:00:00,landslide,rain,medium,unknown,India,Manipur,93.9877,25.0604,Manipur,Kangpokpi,Manipur,14.0,767.0,712.0,14.0,154.8,61.6,29.8,97.88,0.495,1
4407,2012-06-13 00:00:00,landslide,downpour,medium,unknown,India,Assam,92.3567,25.0951,Assam,East Jaintia Hills,Meghalaya,17.0,714.0,657.0,17.0,144.5,33.8,7.8,89.33,0.48,1
3789,2011-07-16 00:00:00,landslide,downpour,medium,unknown,India,Arunāchal Pradesh,92.9064,27.2743,Arunachal Pradesh,Bichom,Arunachal Pradesh,12.0,848.0,787.0,12.0,196.7,113.6,70.8,95.58,0.423,1
6292,2014-09-23 00:00:00,landslide,continuous_rain,small,unknown,India,Assam,89.9032,25.7238,Assam,West Garo Hills,Meghalaya,17.0,293.0,278.0,17.0,101.4,57.4,43.8,95.46,0.397,1
545,2008-05-20 00:00:00,mudslide,mining,medium,unknown,India,Assam,92.8411,24.9849,Assam,Cachar,Assam,18.0,316.0,282.0,18.0,58.9,46.0,26.1,89.54,0.508,1
7265,2015-07-22 00:00:00,landslide,continuous_rain,medium,above_road,India,Manipur,93.9854,25.5007,Manipur,Senapati,Manipur,14.0,272.0,257.0,14.0,178.5,66.8,31.1,98.12,0.444,1
2436,2010-09-16 03:00:00,landslide,downpour,medium,unknown,India,Mizoram,93.125,24.3069,Mizoram,Pherzawl,Manipur,14.0,772.0,715.0,14.0,79.5,26.6,15.5,96.67,0.43,1
7727,2015-08-20 18:00:00,landslide,continuous_rain,medium,below_road,India,Nagaland,94.1057,25.6263,Nagaland,Kohima,Nagaland,13.0,270.0,245.0,13.0,57.7,26.1,22.4,92.46,0.471,1
7334,2015-08-18 00:00:00,landslide,unknown,medium,unknown,India,Arunachal Pradesh,94.7596,28.1737,Arunachal Pradesh,West Siang,Arunachal Pradesh,12.0,250.0,243.0,12.0,143.3,86.8,30.5,97.04,0.429,1
6200,2014-08-17 00:00:00,landslide,downpour,large,unknown,India,Arunachal Pradesh,93.6086,27.0869,Arunachal Pradesh,Papum Pare,Arunachal Pradesh,12.0,248.0,237.0,12.0,356.3,88.4,20.0,92.38,0.513,1
7778,2015-08-26 00:00:00,mudslide,continuous_rain,medium,above_road,India,Mizoram,93.0514,23.8447,Mizoram,Saitual,Mizoram,15.0,794.0,727.0,15.0,89.7,17.4,7.2,92.33,0.419,1
6290,2014-09-23 03:00:00,landslide,continuous_rain,small,urban,India,Meghalaya,91.8666,25.5772,Meghalaya,East Khasi Hills,Meghalaya,17.0,298.0,274.0,17.0,244.8,150.5,103.8,95.33,0.464,1
4408,2012-06-13 00:00:00,landslide,downpour,medium,unknown,India,Meghālaya,92.0757,25.5498,Meghalaya,East Khasi Hills,Meghalaya,17.0,298.0,274.0,17.0,79.4,20.4,9.5,91.04,0.468,1
4403,2012-06-10 00:00:00,landslide,downpour,very_large,unknown,India,Manipur,93.5444,24.8142,Manipur,Tamenglong,Manipur,14.0,273.0,258.0,14.0,39.2,4.6,4.1,84.71,0.391,1
5429,2013-09-01 18:00:00,landslide,downpour,medium,unknown,India,Sikkim,88.2426,27.3425,Sikkim,Gyalshing,Sikkim,11.0,242.0,228.0,11.0,109.2,18.7,10.9,95.0,0.43,1
2140,2010-07-25 00:00:00,landslide,downpour,medium,unknown,India,Assam,92.801,25.0477,Assam,Cachar,Assam,18.0,316.0,282.0,18.0,97.2,24.4,9.9,87.33,0.444,1
2243,2010-08-13 00:00:00,landslide,downpour,medium,mine,India,Nāgāland,94.04619681,25.70223725,Nagaland,Kohima,Nagaland,13.0,270.0,245.0,13.0,87.6,44.6,21.9,88.71,0.464,1
9142,2016-06-14 08:00:00,landslide,continuous_rain,medium,retaining_wall,India,Nagaland,94.5247,26.3185,Nagaland,Mokokchung,Nagaland,13.0,262.0,246.0,13.0,221.3,55.3,31.5,88.42,0.519,1
6107,2014-06-26 23:00:00,landslide,continuous_rain,small,unknown,India,Assam,91.7896,26.1844,Assam,Kamrup Metro,Assam,18.0,322.0,618.0,18.0,222.3,8.8,3.7,87.46,0.483,1
255,2007-09-10 00:00:00,landslide,rain,medium,unknown,India,Manipur,94.0691,24.2451,Manipur,Chandel,Manipur,14.0,280.0,253.0,14.0,119.7,6.1,2.1,90.04,0.433,1
7660,2015-08-12 00:00:00,mudslide,continuous_rain,medium,below_road,India,Nagaland,94.1136,25.6237,Nagaland,Kohima,Nagaland,13.0,270.0,245.0,13.0,183.1,35.3,11.4,87.38,0.493,1
4556,2012-09-16 00:00:00,landslide,downpour,medium,unknown,India,Sikkim,88.3651,27.1675,Sikkim,Namchi,Sikkim,11.0,243.0,227.0,11.0,287.1,158.4,72.6,97.5,0.43,1
7389,2015-08-01 00:00:00,landslide,continuous_rain,medium,above_road,India,Manipur,94.0644,24.4072,Manipur,Chandel,Manipur,14.0,280.0,253.0,14.0,382.3,219.5,132.7,99.92,0.457,1
2437,2010-09-16 00:00:00,landslide,downpour,medium,unknown,India,Mizoram,92.694,23.7527,Mizoram,Aizawl,Mizoram,15.0,283.0,261.0,15.0,65.3,27.0,14.6,96.04,0.419,1
731,2008-08-19 00:00:00,mudslide,downpour,medium,unknown,India,Nāgāland,94.25,26.138,Nagaland,Wokha,Nagaland,13.0,264.0,250.0,13.0,86.8,33.8,23.8,88.92,0.501,1
7371,2015-08-01 00:00:00,landslide,continuous_rain,medium,unknown,India,Manipur,94.0573,23.9939,Manipur,Chandel,Manipur,14.0,280.0,253.0,14.0,640.9,415.0,212.5,99.96,0.499,1
7923,2015-09-01 00:00:00,landslide,rain,medium,unknown,India,Assam,91.72137514,26.49349035,Assam,Kamrup,Assam,18.0,321.0,291.0,18.0,166.7,76.4,51.3,95.29,0.472,1
760,2008-08-29 00:00:00,complex,downpour,medium,unknown,India,Nāgāland,94.1066,25.67,Nagaland,Kohima,Nagaland,13.0,270.0,245.0,13.0,189.3,15.3,7.8,89.75,0.519,1
2182,2010-07-31 09:00:00,landslide,rain,medium,unknown,India,Manipur,93.8443,24.9356,Manipur,Imphal West,Manipur,14.0,277.0,256.0,14.0,78.0,42.2,3.7,90.21,0.47,1
1954,2010-06-07 00:00:00,landslide,rain,medium,unknown,India,Manipur,93.5039,24.7543,Manipur,Noney,Manipur,14.0,771.0,714.0,14.0,47.3,11.5,2.0,86.0,0.412,1
6963,2015-06-19 00:00:00,landslide,rain,medium,natural_slope,India,Mizoram,92.7362,23.7131,Mizoram,Aizawl,Mizoram,15.0,283.0,261.0,15.0,52.3,9.6,5.7,90.88,0.392,1
5336,2013-08-16 00:00:00,landslide,rain,medium,unknown,India,Nāgāland,94.9439,26.3897,Nagaland,Mon,Nagaland,13.0,261.0,247.0,13.0,82.8,21.9,12.8,89.92,0.466,1
7590,2015-08-19 00:00:00,landslide,rain,small,unknown,India,Meghalaya,92.3807,25.1416,Meghalaya,East Jaintia Hills,Meghalaya,17.0,714.0,657.0,17.0,185.5,92.7,56.7,98.0,0.47,1
1222,2009-10-05 00:00:00,landslide,downpour,medium,urban,India,Mizoram,92.72124394,23.73478778,Mizoram,Aizawl,Mizoram,15.0,283.0,261.0,15.0,71.5,58.9,17.3,97.92,0.43,1
8222,2016-06-22 12:00:00,mudslide,downpour,medium,natural_slope,India,Assam,91.7825,26.1961,Assam,Kamrup Metro,Assam,18.0,322.0,618.0,18.0,139.6,7.0,3.8,89.25,0.485,1
7706,2015-08-19 00:00:00,landslide,rain,medium,above_road,India,Meghalaya,92.3636,25.0728,Meghalaya,East Jaintia Hills,Meghalaya,17.0,714.0,657.0,17.0,258.5,113.8,65.3,98.0,0.47,1
8224,2015-09-14 01:30:00,landslide,downpour,medium,above_road,India,Mizoram,92.7187,23.7313,Mizoram,Aizawl,Mizoram,15.0,283.0,261.0,15.0,46.1,20.5,14.9,91.42,0.43,1
4241,2012-03-04 00:00:00,landslide,unknown,medium,unknown,India,Manipur,93.6795,25.1604,Manipur,Tamenglong,Manipur,14.0,273.0,258.0,14.0,23.3,8.9,0.7,72.83,0.301,1
755,2008-08-28 00:00:00,landslide,downpour,medium,unknown,India,Sikkim,88.609,27.337,Sikkim,Gangtok,Sikkim,11.0,244.0,225.0,11.0,326.6,122.2,65.9,99.92,0.424,1
1756,2010-04-17 00:00:00,landslide,downpour,small,unknown,India,Sikkim,88.6087,27.322,Sikkim,Gangtok,Sikkim,11.0,244.0,225.0,11.0,32.9,3.7,1.9,76.21,0.383,1
1930,2010-05-31 00:00:00,landslide,downpour,medium,unknown,India,Arunāchal Pradesh,95.8776,28.4298,Arunachal Pradesh,Dibang Valley,Arunachal Pradesh,12.0,257.0,230.0,12.0,51.3,6.4,3.1,88.29,0.427,1
9334,2016-05-18 08:00:00,landslide,continuous_rain,unknown,unknown,India,Assam,92.7264,24.5204,Assam,Hailakandi,Assam,18.0,318.0,289.0,18.0,81.8,28.5,23.0,85.88,0.423,1
8237,2016-07-01 00:00:00,landslide,downpour,large,unknown,India,Arunachal Pradesh,92.6351,27.0136,Arunachal Pradesh,West Kameng,Arunachal Pradesh,12.0,246.0,242.0,12.0,87.2,45.1,21.1,94.42,0.47,1
585,2008-06-14 00:00:00,landslide,rain,large,unknown,India,Arunāchal Pradesh,93.6287,27.0998,Arunachal Pradesh,Papum Pare,Arunachal Pradesh,12.0,248.0,237.0,12.0,85.2,25.8,15.9,90.25,0.512,1
4859,2013-05-11 00:00:00,landslide,rain,medium,unknown,India,Assam,91.7599,26.1771,Assam,Kamrup Metro,Assam,18.0,322.0,618.0,18.0,64.4,29.9,19.4,86.54,0.467,1
4436,2012-06-25 00:00:00,landslide,downpour,medium,unknown,India,Arunāchal Pradesh,95.4993,26.9986,Arunachal Pradesh,Tirap,Arunachal Pradesh,12.0,254.0,239.0,12.0,217.6,65.3,43.5,93.92,0.484,1
3916,2011-08-13 08:00:00,mudslide,downpour,medium,unknown,India,Assam,93.8067,25.7713,Assam,Chumoukedima,Nagaland,13.0,818.0,758.0,13.0,231.5,44.0,22.7,85.71,0.457,1
5250,2013-08-01 00:00:00,mudslide,rain,medium,unknown,India,Arunachal Pradesh,93.0515,27.8837,Arunachal Pradesh,Kurung Kumey,Arunachal Pradesh,12.0,256.0,233.0,12.0,138.5,14.2,7.2,89.38,0.415,1
3738,2011-07-06 00:00:00,landslide,downpour,medium,unknown,India,Manipur,93.9482,24.8063,Manipur,Imphal East,Manipur,14.0,278.0,255.0,14.0,50.3,15.1,8.9,87.17,0.498,1
2426,2010-09-13 00:00:00,landslide,downpour,medium,unknown,India,Mizoram,92.8416,22.7176,Mizoram,Lunglei,Mizoram,15.0,286.0,265.0,15.0,59.7,23.8,10.5,94.67,0.428,1
1084,2009-08-12 00:00:00,landslide,downpour,medium,unknown,India,Arunāchal Pradesh,92.8,27.7,Arunachal Pradesh,East Kameng,Arunachal Pradesh,12.0,247.0,231.0,12.0,244.3,104.5,55.3,93.79,0.429,1
7266,2015-07-22 00:00:00,landslide,continuous_rain,medium,above_road,India,Manipur,93.8794,25.5098,Manipur,Senapati,Manipur,14.0,272.0,257.0,14.0,178.5,66.8,31.1,98.58,0.431,1
1129,2009-08-30 00:00:00,landslide,downpour,medium,unknown,India,Manipur,94.4182,24.8628,Manipur,Kamjong,Manipur,14.0,770.0,717.0,14.0,52.0,10.4,3.7,87.46,0.42,1
2166,2010-07-29 00:00:00,landslide,downpour,medium,unknown,India,Assam,93.5027,24.9786,Assam,Tamenglong,Manipur,14.0,273.0,258.0,14.0,51.9,5.5,2.8,86.75,0.409,1
213,2007-08-26 00:00:00,landslide,rain,medium,unknown,India,Assam,92.8339,25.2946,Assam,Dima Hasao,Assam,18.0,315.0,299.0,18.0,90.7,59.0,41.1,94.04,0.491,1
4426,2012-06-22 00:00:00,landslide,downpour,medium,unknown,India,Assam,91.7162,26.1226,Assam,Kamrup Metro,Assam,18.0,322.0,618.0,18.0,191.1,132.1,88.7,94.88,0.441,1
8366,2015-09-23 15:00:00,landslide,downpour,medium,natural_slope,India,Meghalaya,91.893,25.583,Meghalaya,East Khasi Hills,Meghalaya,17.0,298.0,274.0,17.0,174.1,106.9,56.4,94.92,0.464,1
1934,2010-06-03 05:00:00,landslide,downpour,medium,unknown,India,Assam,92.3814,24.6005,Assam,Sribhumi,Assam,18.0,317.0,293.0,18.0,170.1,16.8,7.7,89.67,0.457,1
7655,2016-04-22 02:30:00,landslide,continuous_rain,medium,above_road,India,Arunachal Pradesh,91.8569,27.5799,Arunachal Pradesh,Tawang,Arunachal Pradesh,12.0,245.0,238.0,12.0,77.2,50.2,27.9,90.04,0.428,1
9464,2016-08-05 00:00:00,landslide,downpour,medium,unknown,India,Arunachal Pradesh,91.9754,27.5754,Arunachal Pradesh,Tawang,Arunachal Pradesh,12.0,245.0,238.0,12.0,47.9,3.9,2.6,85.0,0.409,1
3912,2011-08-12 00:00:00,landslide,rain,medium,unknown,India,Arunāchal Pradesh,92.2833,27.44,Arunachal Pradesh,West Kameng,Arunachal Pradesh,12.0,246.0,242.0,12.0,160.7,8.7,3.1,83.92,0.407,1
5272,2013-08-04 00:00:00,landslide,monsoon,medium,unknown,India,Nāgāland,94.5438,26.2083,Nagaland,Mokokchung,Nagaland,13.0,262.0,246.0,13.0,68.2,20.7,3.8,90.29,0.494,1
580,2008-06-09 00:00:00,landslide,monsoon,medium,unknown,India,Manipur,93.9784,24.6596,Manipur,Thoubal,Manipur,14.0,276.0,259.0,14.0,43.0,22.4,15.0,91.21,0.485,1
5575,2013-10-05 23:00:00,mudslide,continuous_rain,medium,unknown,India,Nāgāland,94.1497,25.8266,Nagaland,Kohima,Nagaland,13.0,270.0,245.0,13.0,39.8,16.0,11.2,92.54,0.464,1
8996,2016-07-14 00:00:00,landslide,monsoon,small,natural_slope,India,Assam,91.7702,26.1768,Assam,Kamrup Metro,Assam,18.0,322.0,618.0,18.0,135.9,24.4,10.3,88.42,0.46,1
1613,2010-04-02 23:00:00,mudslide,downpour,large,unknown,India,Arunāchal Pradesh,93.3497,27.8997,Arunachal Pradesh,Kurung Kumey,Arunachal Pradesh,12.0,256.0,233.0,12.0,130.6,42.4,22.5,87.75,0.429,1
4857,2013-05-11 09:00:00,landslide,rain,large,unknown,India,Mizoram,92.7175,23.7281,Mizoram,Aizawl,Mizoram,15.0,283.0,261.0,15.0,82.2,15.2,6.2,89.67,0.399,1
6945,2015-06-19 00:00:00,landslide,monsoon,medium,above_road,India,Manipur,93.686,25.16,Manipur,Tamenglong,Manipur,14.0,273.0,258.0,14.0,69.4,10.7,5.5,88.21,0.406,1
1857,2010-05-11 09:00:00,landslide,downpour,medium,unknown,India,Meghālaya,92.2897,25.3433,Meghalaya,East Jaintia Hills,Meghalaya,17.0,714.0,657.0,17.0,134.2,114.8,73.4,95.38,0.506,1
2743,2010-11-22 00:00:00,landslide,unknown,medium,natural_slope,India,Arunāchal Pradesh,91.85672387,27.5798729,Arunachal Pradesh,Tawang,Arunachal Pradesh,12.0,245.0,238.0,12.0,29.9,12.3,3.4,86.75,0.407,1
4860,2013-05-11 00:00:00,landslide,rain,medium,unknown,India,Assam,91.6906,26.1016,Assam,Kamrup Metro,Assam,18.0,322.0,618.0,18.0,46.7,10.2,7.4,86.0,0.442,1
4845,2013-05-07 00:00:00,mudslide,rain,medium,unknown,India,Mizoram,92.6755,24.2315,Mizoram,Kolasib,Mizoram,15.0,282.0,263.0,15.0,49.8,32.1,11.2,92.58,0.392,1
1770,2010-04-20 00:00:00,landslide,downpour,medium,unknown,India,Assam,91.763,26.1965,Assam,Kamrup Metro,Assam,18.0,322.0,618.0,18.0,132.9,55.1,24.8,95.21,0.479,1
7728,2015-08-22 09:00:00,landslide,continuous_rain,medium,above_road,India,Assam,91.8806,26.1028,Assam,Kamrup Metro,Assam,18.0,322.0,618.0,18.0,289.5,106.7,21.6,94.0,0.482,1
5274,2013-08-04 00:00:00,landslide,rain,medium,unknown,India,Nāgāland,94.564,26.0838,Nagaland,Zunheboto,Nagaland,13.0,263.0,251.0,13.0,34.4,12.5,1.3,89.92,0.492,1
7836,2015-08-27 00:00:00,landslide,downpour,medium,above_road,India,Mizoram,92.6724,24.042,Mizoram,Kolasib,Mizoram,15.0,282.0,263.0,15.0,71.8,17.3,10.2,94.29,0.418,1
3776,2011-07-15 18:00:00,landslide,downpour,small,unknown,India,Arunāchal Pradesh,93.7145,27.125,Arunachal Pradesh,Papum Pare,Arunachal Pradesh,12.0,248.0,237.0,12.0,90.3,54.1,44.1,96.62,0.405,1
4798,2013-04-07 00:00:00,landslide,rain,medium,unknown,India,Arunachal Pradesh,96.1509,28.8254,Arunachal Pradesh,Dibang Valley,Arunachal Pradesh,12.0,257.0,230.0,12.0,117.8,37.1,12.5,86.38,0.387,1
7388,2015-08-01 00:00:00,landslide,continuous_rain,medium,unknown,India,Manipur,94.0984,24.416,Manipur,Chandel,Manipur,14.0,280.0,253.0,14.0,382.3,219.5,132.7,99.92,0.457,1
5421,2013-08-30 00:00:00,mudslide,unknown,medium,unknown,India,Nāgāland,94.9731,26.4205,Nagaland,Mon,Nagaland,13.0,261.0,247.0,13.0,110.3,20.3,5.3,82.96,0.446,1
2343,2010-08-27 16:30:00,landslide,downpour,medium,unknown,India,Nāgāland,94.1327,25.4786,Nagaland,Senapati,Manipur,14.0,272.0,257.0,14.0,59.0,10.1,6.4,92.0,0.482,1
3683,2011-07-01 00:00:00,landslide,downpour,medium,unknown,India,Nāgāland,94.1739,25.8782,Nagaland,Tseminyu,Nagaland,13.0,817.0,757.0,13.0,146.3,51.7,26.6,89.62,0.511,1
9619,2016-10-15 00:00:00,landslide,rain,medium,above_road,India,Sikkim,88.3664,27.1695,Sikkim,Namchi,Sikkim,11.0,243.0,227.0,11.0,273.5,134.1,44.9,92.5,0.415,1
7591,2015-03-19 00:00:00,landslide,rain,small,unknown,India,Assam,92.4584,25.0318,Assam,Cachar,Assam,18.0,316.0,282.0,18.0,0.1,0.0,0.0,54.17,0.257,1
5441,2013-09-02 00:00:00,landslide,downpour,large,unknown,India,Arunāchal Pradesh,94.9829,28.611,Arunachal Pradesh,Upper Siang,Arunachal Pradesh,12.0,252.0,240.0,12.0,117.8,41.2,30.2,97.54,0.428,1
9232,2016-07-28 23:00:00,landslide,continuous_rain,medium,unknown,India,Mizoram,93.3783,23.5397,Mizoram,Champhai,Mizoram,15.0,284.0,262.0,15.0,59.2,26.1,16.0,90.42,0.418,1
4434,2012-06-25 18:00:00,landslide,downpour,large,unknown,India,Assam,91.7369,26.1049,Assam,Kamrup Metro,Assam,18.0,322.0,618.0,18.0,351.7,131.5,81.6,98.0,0.469,1
4378,2012-06-02 00:00:00,landslide,downpour,medium,unknown,India,Arunachal Pradesh,96.1517,28.8254,Arunachal Pradesh,Dibang Valley,Arunachal Pradesh,12.0,257.0,230.0,12.0,28.3,22.0,11.2,83.21,0.428,1
7214,2015-07-15 08:00:00,landslide,monsoon,medium,urban,India,Arunachal Pradesh,93.0385,27.36,Arunachal Pradesh,East Kameng,Arunachal Pradesh,12.0,247.0,231.0,12.0,134.1,61.5,39.2,97.58,0.429,1
5582,2013-10-06 12:45:00,landslide,downpour,medium,unknown,India,Assam,91.8383,26.1309,Assam,Kamrup Metro,Assam,18.0,322.0,618.0,18.0,70.1,23.0,13.6,92.92,0.512,1
2405,2010-09-09 23:00:00,landslide,downpour,medium,unknown,India,Arunāchal Pradesh,95.4112,28.3036,Arunachal Pradesh,East Siang,Arunachal Pradesh,12.0,251.0,232.0,12.0,520.1,75.6,15.8,92.29,0.423,1
3556,2011-05-31 14:00:00,landslide,continuous_rain,small,unknown,India,Manipur,93.8474,25.1555,Manipur,Kangpokpi,Manipur,14.0,767.0,712.0,14.0,112.5,74.0,54.6,96.5,0.43,1
2569,2010-10-08 00:00:00,landslide,downpour,medium,unknown,India,Nāgāland,94.0212,25.2745,Nagaland,Senapati,Manipur,14.0,272.0,257.0,14.0,58.0,35.9,19.7,99.54,0.433,1
2423,2010-09-13 00:00:00,landslide,downpour,medium,above_road,India,Mizoram,92.71060943,23.73504471,Mizoram,Aizawl,Mizoram,15.0,283.0,261.0,15.0,41.7,9.4,5.3,93.04,0.413,1
3532,2011-05-24 00:00:00,complex,downpour,medium,unknown,India,Assam,92.8551,25.0888,Assam,Dima Hasao,Assam,18.0,315.0,299.0,18.0,220.0,89.1,32.5,95.0,0.495,1
2345,2010-08-27 18:00:00,landslide,downpour,medium,unknown,India,Sikkim,88.6188,27.3392,Sikkim,Gangtok,Sikkim,11.0,244.0,225.0,11.0,425.1,43.3,23.3,95.38,0.428,1
7956,2015-09-05 00:00:00,landslide,unknown,medium,above_road,India,Meghalaya,91.8695,26.048,Meghalaya,Ri Bhoi,Meghalaya,17.0,297.0,276.0,17.0,502.8,96.7,42.4,92.62,0.487,1
2425,2010-09-13 00:00:00,landslide,downpour,medium,unknown,India,Mizoram,93.0748,23.3439,Mizoram,Khawzawl,Mizoram,15.0,795.0,728.0,15.0,45.0,19.7,7.4,93.83,0.429,1
6970,2015-06-16 00:00:00,rock_fall,downpour,small,above_road,India,Meghalaya,90.2191,25.5084,Meghalaya,West Garo Hills,Meghalaya,17.0,293.0,278.0,17.0,301.9,32.8,21.7,94.0,0.509,1
5312,2013-08-11 23:00:00,landslide,downpour,very_large,unknown,India,Assam,94.693,26.7103,Assam,Mokokchung,Nagaland,13.0,262.0,246.0,13.0,89.1,24.4,17.6,85.29,0.511,1
1929,2010-05-31 23:00:00,landslide,downpour,medium,unknown,India,Sikkim,88.6428,27.3543,Sikkim,Gangtok,Sikkim,11.0,244.0,225.0,11.0,127.2,12.3,5.1,85.83,0.402,1
2568,2010-10-08 00:00:00,landslide,downpour,medium,unknown,India,Assam,93.4108,24.7679,Assam,Noney,Manipur,14.0,771.0,714.0,14.0,60.2,40.0,17.4,96.75,0.426,1
7409,2015-08-02 00:00:00,landslide,continuous_rain,medium,unknown,India,Nagaland,94.6219,25.72,Nagaland,Meluri,Nagaland,13.0,847.0,788.0,13.0,61.8,44.2,9.3,86.83,0.488,1
9219,2016-07-26 23:00:00,landslide,downpour,medium,retaining_wall,India,Nagaland,94.5282,26.0101,Nagaland,Zunheboto,Nagaland,13.0,263.0,251.0,13.0,122.5,78.9,31.8,93.25,0.436,1
2579,2010-10-09 00:00:00,landslide,downpour,medium,unknown,India,Nāgāland,94.1076,25.682,Nagaland,Kohima,Nagaland,13.0,270.0,245.0,13.0,83.2,50.2,26.8,95.12,0.453,1
8223,2015-09-14 03:10:00,landslide,downpour,large,above_road,India,Mizoram,92.7187,23.7348,Mizoram,Aizawl,Mizoram,15.0,283.0,261.0,15.0,46.1,20.5,14.9,91.42,0.43,1
7336,2015-08-19 09:00:00,landslide,continuous_rain,medium,above_road,India,Meghalaya,90.5549,25.2193,Meghalaya,South Garo Hills,Meghalaya,17.0,295.0,277.0,17.0,144.9,82.8,42.0,98.38,0.508,1
9252,2016-07-28 00:00:00,landslide,monsoon,medium,unknown,India,Arunachal Pradesh,91.8644,27.5748,Arunachal Pradesh,Tawang,Arunachal Pradesh,12.0,245.0,238.0,12.0,240.9,33.6,11.6,95.08,0.418,1
5300,2013-08-09 00:00:00,landslide,downpour,large,unknown,India,Nāgāland,94.0441,25.318,Nagaland,Senapati,Manipur,14.0,272.0,257.0,14.0,112.6,16.2,11.7,93.25,0.421,1
7665,2015-08-11 00:00:00,landslide,continuous_rain,medium,unknown,India,Manipur,93.5291,24.7016,Manipur,Noney,Manipur,14.0,771.0,714.0,14.0,94.9,20.3,11.6,96.67,0.419,1
1994,2010-06-16 00:00:00,landslide,downpour,medium,unknown,India,Assam,92.8025,25.0633,Assam,Cachar,Assam,18.0,316.0,282.0,18.0,124.2,52.8,20.6,92.21,0.495,1
3760,2011-07-11 09:00:00,landslide,downpour,medium,unknown,India,Nāgāland,94.1095,25.6703,Nagaland,Kohima,Nagaland,13.0,270.0,245.0,13.0,55.4,6.5,3.7,86.71,0.515,1
692,2008-08-07 00:00:00,landslide,downpour,medium,unknown,India,Nāgāland,94.04,25.705,Nagaland,Kohima,Nagaland,13.0,270.0,245.0,13.0,155.9,43.6,33.8,89.46,0.51,1
3633,2011-06-20 00:00:00,landslide,downpour,medium,unknown,India,Nāgāland,94.5121,26.3186,Nagaland,Mokokchung,Nagaland,13.0,262.0,246.0,13.0,138.8,45.8,6.6,90.04,0.466,1
7374,2015-08-01 00:00:00,landslide,continuous_rain,medium,below_road,India,Manipur,94.3591,25.1122,Manipur,Ukhrul,Manipur,14.0,279.0,260.0,14.0,183.5,92.5,52.0,98.79,0.428,1
4446,2012-07-05 00:00:00,landslide,downpour,large,unknown,India,Arunachal Pradesh,94.8885,28.9986,Arunachal Pradesh,Upper Siang,Arunachal Pradesh,12.0,252.0,240.0,12.0,163.7,87.4,37.3,94.46,0.429,1
2098,2010-07-19 06:00:00,landslide,downpour,medium,unknown,India,Nāgāland,95.0283,26.7215,Nagaland,Mon,Nagaland,13.0,261.0,247.0,13.0,159.2,43.3,37.0,92.17,0.501,1
269,2007-09-18 00:00:00,landslide,rain,medium,unknown,India,Sikkim,88.2816,27.2872,Sikkim,Namchi,Sikkim,11.0,243.0,227.0,11.0,50.5,16.1,3.5,91.25,0.415,1
2205,2010-08-06 00:00:00,landslide,downpour,medium,unknown,India,Mizoram,92.7146,23.7365,Mizoram,Aizawl,Mizoram,15.0,283.0,261.0,15.0,128.0,51.8,29.5,90.5,0.418,1
4610,2012-11-11 00:00:00,landslide,downpour,medium,unknown,India,Mizoram,92.5217,23.7705,Mizoram,Mamit,Mizoram,15.0,281.0,266.0,15.0,40.6,0.0,0.0,82.92,0.369,1
5275,2013-08-04 00:00:00,landslide,monsoon,medium,unknown,India,Nāgāland,94.6055,26.1498,Nagaland,Zunheboto,Nagaland,13.0,263.0,251.0,13.0,68.2,20.7,3.8,90.0,0.492,1
2247,2010-08-14 00:00:00,landslide,downpour,medium,unknown,India,Nāgāland,94.8422,26.148,Nagaland,Tuensang,Nagaland,13.0,267.0,249.0,13.0,58.7,19.4,12.0,90.62,0.494,1
3927,2011-08-16 08:00:00,landslide,downpour,medium,unknown,India,Meghālaya,90.2167,25.5144,Meghalaya,West Garo Hills,Meghalaya,17.0,293.0,278.0,17.0,151.1,21.4,10.5,90.58,0.462,1
259,2007-09-11 00:00:00,landslide,rain,medium,unknown,India,Meghālaya,91.27,25.52,Meghalaya,West Khasi Hills,Meghalaya,17.0,296.0,279.0,17.0,425.9,44.1,17.3,93.67,0.46,1
6112,2014-06-28 09:00:00,landslide,rain,medium,unknown,India,Assam,91.7652,26.1964,Assam,Kamrup Metro,Assam,18.0,322.0,618.0,18.0,168.4,34.9,7.1,89.54,0.442,1
7390,2015-08-01 00:00:00,landslide,continuous_rain,medium,above_road,India,Manipur,94.1913,24.4265,Manipur,Tengnoupal,Manipur,14.0,769.0,716.0,14.0,444.3,203.5,97.0,99.96,0.428,1
2420,2010-09-13 00:00:00,landslide,downpour,medium,urban,India,Mizoram,92.71495623,23.72988966,Mizoram,Aizawl,Mizoram,15.0,283.0,261.0,15.0,41.7,9.4,5.3,93.08,0.413,1
264,2007-09-13 00:00:00,landslide,rain,medium,unknown,India,Assam,91.8,26.1833,Assam,Kamrup Metro,Assam,18.0,322.0,618.0,18.0,209.7,5.2,3.6,86.83,0.503,1
251,2007-09-09 00:00:00,landslide,rain,medium,unknown,India,Sikkim,88.35,27.1667,Sikkim,Namchi,Sikkim,11.0,243.0,227.0,11.0,564.0,294.4,93.9,97.0,0.432,1
6214,2014-10-05 17:45:00,landslide,rain,medium,above_road,India,Meghalaya,91.8587,25.9702,Meghalaya,Ri Bhoi,Meghalaya,17.0,297.0,276.0,17.0,11.0,0.6,0.0,78.67,0.445,1
4411,2012-06-14 04:00:00,landslide,downpour,medium,unknown,India,Sikkim,88.6065,27.339,Sikkim,Gangtok,Sikkim,11.0,244.0,225.0,11.0,72.4,23.3,11.7,87.29,0.435,1
252,2007-09-09 00:00:00,landslide,rain,medium,unknown,India,Nāgāland,94.1192,25.4993,Nagaland,Senapati,Manipur,14.0,272.0,257.0,14.0,193.7,67.1,48.7,97.58,0.485,1
142,2007-07-27 00:00:00,rock_fall,rain,large,unknown,India,Meghālaya,90.232,25.5212,Meghalaya,West Garo Hills,Meghalaya,17.0,293.0,278.0,17.0,195.8,114.1,53.0,97.33,0.474,1
7384,2015-08-01 00:00:00,landslide,rain,medium,unknown,India,Manipur,94.0906,23.9278,Manipur,Chandel,Manipur,14.0,280.0,253.0,14.0,640.9,415.0,212.5,99.96,0.489,1
211,2007-08-26 00:00:00,mudslide,continuous_rain,medium,unknown,India,Manipur,93.55,24.9667,Manipur,Tamenglong,Manipur,14.0,273.0,258.0,14.0,47.4,27.8,16.9,98.29,0.43,1
4384,2012-06-03 00:00:00,landslide,downpour,medium,unknown,India,Assam,93.0123,25.1775,Assam,Dima Hasao,Assam,18.0,315.0,299.0,18.0,148.7,92.4,9.0,92.88,0.499,1
4383,2012-06-03 00:00:00,landslide,downpour,medium,unknown,India,Assam,93.1265,25.3056,Assam,Dima Hasao,Assam,18.0,315.0,299.0,18.0,134.6,89.1,10.4,89.67,0.49,1
7375,2015-08-01 00:00:00,landslide,continuous_rain,medium,above_road,India,Manipur,94.4481,25.1941,Manipur,Ukhrul,Manipur,14.0,279.0,260.0,14.0,145.9,76.0,44.3,98.42,0.459,1
2163,2010-07-29 00:00:00,landslide,downpour,medium,unknown,India,Nāgāland,94.1054,25.4196,Nagaland,Senapati,Manipur,14.0,272.0,257.0,14.0,100.5,17.5,10.2,89.79,0.515,1
3932,2011-08-18 00:00:00,landslide,monsoon,medium,unknown,India,Nāgāland,94.13,25.83,Nagaland,Kohima,Nagaland,13.0,270.0,245.0,13.0,80.8,19.9,4.2,87.5,0.488,1
4861,2013-05-12 00:00:00,mudslide,rain,medium,unknown,India,Assam,93.4946,24.9926,Assam,Tamenglong,Manipur,14.0,273.0,258.0,14.0,562.3,161.7,70.0,98.79,0.429,1
7972,2015-08-28 01:45:00,landslide,downpour,large,unknown,India,Mizoram,92.8112,23.4495,Mizoram,Aizawl,Mizoram,15.0,283.0,261.0,15.0,48.0,15.2,7.0,89.46,0.412,1
3831,2011-07-22 00:00:00,landslide,downpour,medium,unknown,India,Manipur,93.948,24.7992,Manipur,Imphal East,Manipur,14.0,278.0,255.0,14.0,123.1,35.4,11.5,93.33,0.488,1
5584,2013-10-06 00:00:00,landslide,downpour,medium,unknown,India,Assam,91.7049,26.1665,Assam,Kamrup Metro,Assam,18.0,322.0,618.0,18.0,70.1,23.0,13.6,92.25,0.516,1
1986,2010-06-15 00:00:00,landslide,downpour,medium,unknown,India,Nāgāland,94.5512,26.3335,Nagaland,Mokokchung,Nagaland,13.0,262.0,246.0,13.0,67.2,25.6,12.6,89.58,0.465,1
7387,2015-08-01 00:00:00,landslide,continuous_rain,small,below_road,India,Manipur,94.2156,24.954,Manipur,Ukhrul,Manipur,14.0,279.0,260.0,14.0,183.5,92.5,52.0,97.17,0.452,1
2573,2010-10-09 00:00:00,mudslide,downpour,medium,unknown,India,Assam,93.0083,25.1796,Assam,Dima Hasao,Assam,18.0,315.0,299.0,18.0,93.0,71.8,53.3,99.62,0.493,1
319,2007-10-19 00:00:00,landslide,rain,medium,unknown,India,Nāgāland,94.1162,25.4379,Nagaland,Senapati,Manipur,14.0,272.0,257.0,14.0,94.7,16.8,4.9,94.46,0.498,1
313,2007-10-16 00:00:00,landslide,rain,large,unknown,India,Nāgāland,94.0132,25.7055,Nagaland,Kohima,Nagaland,13.0,270.0,245.0,13.0,160.0,37.2,26.0,91.79,0.499,1
9010,2016-07-16 00:00:00,mudslide,downpour,medium,above_road,India,Arunachal Pradesh,93.804,27.3034,Arunachal Pradesh,Papum Pare,Arunachal Pradesh,12.0,248.0,237.0,12.0,79.8,41.0,24.1,96.92,0.451,1
2539,2010-10-03 00:00:00,landslide,downpour,medium,unknown,India,Arunāchal Pradesh,95.4149,28.3092,Arunachal Pradesh,East Siang,Arunachal Pradesh,12.0,251.0,232.0,12.0,96.8,6.2,3.5,86.58,0.407,1
6331,2014-09-08 00:00:00,mudslide,unknown,medium,unknown,India,Nagaland,94.6279,25.9466,Nagaland,Kiphire,Nagaland,13.0,269.0,614.0,13.0,22.8,9.5,9.0,87.0,0.51,1
1987,2010-06-15 00:00:00,landslide,downpour,medium,unknown,India,Assam,93.1658,25.2269,Assam,Dima Hasao,Assam,18.0,315.0,299.0,18.0,160.2,15.4,5.7,92.96,0.514,1
2043,2010-07-06 00:00:00,mudslide,monsoon,medium,unknown,India,Nāgāland,95.0281,26.7225,Nagaland,Mon,Nagaland,13.0,261.0,247.0,13.0,108.5,23.7,7.3,88.46,0.466,1
7910,2015-08-01 00:00:00,landslide,unknown,medium,above_road,India,Manipur,94.1146,24.3481,Manipur,Chandel,Manipur,14.0,280.0,253.0,14.0,491.1,287.6,163.3,99.96,0.444,1
6775,2015-02-14 00:00:00,landslide,mining,small,mine,India,Assam,91.6469,26.1468,Assam,Kamrup Metro,Assam,18.0,322.0,618.0,18.0,0.5,0.4,0.4,66.12,0.249,1
1776,2010-04-21 00:00:00,landslide,downpour,medium,unknown,India,Meghālaya,92.2845,25.3612,Meghalaya,East Jaintia Hills,Meghalaya,17.0,714.0,657.0,17.0,213.3,121.2,57.3,98.42,0.514,1
6786,2015-02-19 23:00:00,landslide,mining,medium,mine,India,Assam,92.562,24.6108,Assam,Hailakandi,Assam,18.0,318.0,289.0,18.0,1.9,0.0,0.0,63.25,0.129,1
6291,2014-09-21 00:00:00,landslide,continuous_rain,large,unknown,India,Meghalaya,90.3852,25.7354,Meghalaya,West Garo Hills,Meghalaya,17.0,293.0,278.0,17.0,84.4,44.6,10.3,92.58,0.517,1
6213,2014-09-24 00:00:00,landslide,continuous_rain,large,unknown,India,Meghalaya,90.5763,25.8143,Meghalaya,North Garo Hills,Meghalaya,17.0,712.0,656.0,17.0,150.8,91.8,19.6,96.17,0.468,1
2415,2010-09-12 00:00:00,landslide,downpour,medium,unknown,India,Nāgāland,94.11112157,25.63961883,Nagaland,Kohima,Nagaland,13.0,270.0,245.0,13.0,64.5,23.2,9.6,90.46,0.426,1
9336,2016-05-18 08:00:00,landslide,continuous_rain,small,unknown,India,Assam,92.5121,24.5308,Assam,Hailakandi,Assam,18.0,318.0,289.0,18.0,93.7,38.7,30.7,87.79,0.427,1
9604,2016-10-12 00:00:00,landslide,continuous_rain,medium,above_road,India,Sikkim,88.2891,27.2676,Sikkim,Gyalshing,Sikkim,11.0,242.0,228.0,11.0,73.2,20.9,14.0,93.12,0.409,1
7837,2015-08-27 00:00:00,landslide,downpour,medium,urban,India,Mizoram,92.7265,23.7269,Mizoram,Aizawl,Mizoram,15.0,283.0,261.0,15.0,67.3,17.8,7.3,93.29,0.418,1
7267,2015-07-22 00:00:00,landslide,continuous_rain,small,above_road,India,Manipur,94.0926,25.3908,Manipur,Senapati,Manipur,14.0,272.0,257.0,14.0,178.5,66.8,31.1,96.71,0.481,1
4848,2013-05-08 00:00:00,landslide,rain,medium,unknown,India,Tripura,91.4663,24.0896,Tripura,West Tripura,Tripura,16.0,289.0,272.0,16.0,300.8,116.8,45.0,94.58,0.429,1
9122,2016-07-20 00:00:00,landslide,rain,medium,unknown,India,Assam,91.802,26.1966,Assam,Kamrup Metro,Assam,18.0,322.0,618.0,18.0,144.3,29.3,13.0,92.62,0.476,1
2574,2010-10-09 00:00:00,landslide,downpour,medium,unknown,India,Assam,93.1477,25.4749,Assam,Dima Hasao,Assam,18.0,315.0,299.0,18.0,91.7,59.3,36.7,99.04,0.517,1
6282,2014-09-22 00:00:00,landslide,rain,small,urban,India,Assam,91.7747,26.1097,Assam,Kamrup Metro,Assam,18.0,322.0,618.0,18.0,141.0,103.7,29.6,92.58,0.469,1
2263,2010-08-17 00:00:00,landslide,downpour,medium,unknown,India,Nāgāland,94.6654,26.2753,Nagaland,Tuensang,Nagaland,13.0,267.0,249.0,13.0,130.5,73.1,28.8,94.08,0.478,1
6289,2014-09-22 00:00:00,landslide,rain,small,unknown,India,Assam,91.6849,26.1001,Assam,Kamrup Metro,Assam,18.0,322.0,618.0,18.0,141.0,103.7,29.6,92.62,0.472,1
9087,2016-07-19 00:00:00,landslide,downpour,medium,above_road,India,Arunachal Pradesh,94.9612,28.235,Arunachal Pradesh,Siang,Arunachal Pradesh,12.0,764.0,679.0,12.0,199.7,63.1,43.2,97.0,0.429,1
130,2007-07-19 00:00:00,landslide,rain,medium,unknown,India,Assam,91.7986,26.1699,Assam,Kamrup Metro,Assam,18.0,322.0,618.0,18.0,158.8,26.2,10.1,89.88,0.483,1
